GEOID10,Year,Count_HH,English_Only,Sh_Eng_Only,Other_Lang,Sh_Other_Lang,Tot_Fam_HH,Married_Fam_HH,Sh_Married_Fam,Single_Parent_Fam,Sh_Single_Fam,Average_HINCP,Count_Ind,HISP,Share_Hisp,White_Non_Hisp,Sh_White_Non_Hisp,Other,Sh_Other
5310100,2015,892,626,0.701793722,0,0.298206278,473,372,0.786469345,101,0.213530655,80913.96454,1823,147,0.080636314,1418,0.777838727,258,0.141524959
5310200,2015,1968,1471,0.74745935,497,0.25254065,1131,923,0.816091954,208,0.183908046,89866.83004,3759,288,0.076616121,3187,0.84783187,284,0.075552009
5310300,2015,533,346,0.649155722,187,0.350844278,276,210,0.760869565,66,0.239130435,77636.61995,1056,201,0.190340909,829,0.785037879,26,0.024621212
5310400,2015,897,648,0.722408027,249,0.277591973,447,334,0.747203579,113,0.252796421,65310.80548,1583,115,0.072646873,1204,0.760581175,264,0.166771952
5310501,2015,537,425,0.791433892,112,0.208566108,301,237,0.787375415,64,0.212624585,67531.67532,1154,42,0.036395147,953,0.825823224,159,0.137781629
5310502,2015,666,460,0.690690691,206,0.309309309,358,288,0.804469274,70,0.195530726,81410.69094,1266,75,0.059241706,1039,0.820695103,152,0.120063191
5310503,2015,516,439,0.850775194,77,0.149224806,322,267,0.829192547,55,0.170807453,78908.75319,1150,40,0.034782609,1032,0.897391304,78,0.067826087
5310504,2015,510,357,0.7,153,0.3,270,229,0.848148148,41,0.151851852,79746.95116,1096,38,0.034671533,959,0.875,99,0.090328467
5310600,2015,901,623,0.69145394,278,0.30854606,447,353,0.789709172,94,0.210290828,72077.34012,1702,147,0.086368978,1431,0.840775558,124,0.072855464
5310701,2015,390,275,0.705128205,115,0.294871795,239,198,0.828451883,41,0.171548117,80468.44568,1018,301,0.2956778,641,0.629666012,76,0.074656189
5310702,2015,373,282,0.756032172,91,0.243967828,236,189,0.800847458,47,0.199152542,86345.20173,926,147,0.1587473,707,0.76349892,72,0.07775378
5310703,2015,538,332,0.617100372,206,0.382899628,256,209,0.81640625,47,0.18359375,86098.21628,1101,215,0.195277021,812,0.737511353,74,0.067211626
5310800,2015,643,391,0.608087092,252,0.391912908,323,264,0.817337461,59,0.182662539,71263.67355,1374,378,0.27510917,931,0.677583697,65,0.047307132
5310901,2015,434,281,0.647465438,153,0.352534562,222,172,0.774774775,50,0.225225225,66448.84469,1025,388,0.378536585,581,0.566829268,56,0.054634146
5310902,2015,493,269,0.545638945,224,0.454361055,253,191,0.754940711,62,0.245059289,59840.1982,1401,684,0.488222698,547,0.390435403,170,0.121341899
5311000,2015,725,559,0.771034483,166,0.228965517,392,312,0.795918367,80,0.204081633,69299.2451,1442,139,0.096393897,1234,0.855755895,69,0.047850208
5311101,2015,567,438,0.772486772,129,0.227513228,321,251,0.781931464,70,0.218068536,74589.91103,1181,108,0.091447925,930,0.787468247,143,0.121083827
5311102,2015,453,363,0.801324503,90,0.198675497,285,233,0.81754386,52,0.18245614,89505.34588,1093,94,0.08600183,902,0.825251601,97,0.088746569
5311103,2015,407,325,0.798525799,82,0.201474201,255,213,0.835294118,42,0.164705882,90891.60836,1054,69,0.065464896,866,0.821631879,119,0.112903226
5311104,2015,513,412,0.803118908,101,0.196881092,322,264,0.819875776,58,0.180124224,93299.22553,1340,43,0.032089552,1193,0.890298507,104,0.07761194
5311200,2015,634,488,0.769716088,146,0.230283912,358,289,0.80726257,69,0.19273743,71244.48794,1318,112,0.084977238,1113,0.844461305,93,0.070561457
5311300,2015,760,544,0.715789474,216,0.284210526,389,314,0.807197943,75,0.192802057,73357.20307,1421,81,0.057002111,1118,0.78676988,222,0.156228008
5311401,2015,623,463,0.74317817,160,0.25682183,357,286,0.801120448,71,0.198879552,77202.75419,1302,107,0.08218126,1002,0.769585253,193,0.148233487
5311402,2015,456,370,0.811403509,86,0.188596491,281,236,0.839857651,45,0.160142349,95408.82767,1096,88,0.080291971,870,0.79379562,138,0.125912409
5311501,2015,607,410,0.675453048,197,0.324546952,305,232,0.760655738,73,0.239344262,64838.20123,1128,105,0.093085106,694,0.615248227,329,0.291666667
5311502,2015,565,417,0.738053097,148,0.261946903,327,262,0.801223242,65,0.198776758,96223.95763,1172,49,0.041808874,971,0.828498294,152,0.129692833
5311503,2015,505,287,0.568316832,218,0.431683168,241,187,0.77593361,54,0.22406639,69256.0105,1095,141,0.128767123,647,0.59086758,307,0.280365297
5311504,2015,509,323,0.634577603,186,0.365422397,263,197,0.74904943,66,0.25095057,60316.48394,1154,151,0.13084922,682,0.590987868,321,0.278162912
5311505,2015,792,627,0.791666667,165,0.208333333,514,430,0.836575875,84,0.163424125,97504.9567,1905,109,0.057217848,1420,0.745406824,376,0.197375328
5311506,2015,479,380,0.793319415,99,0.206680585,316,261,0.825949367,55,0.174050633,86603.28378,1200,133,0.110833333,892,0.743333333,175,0.145833333
5311507,2015,446,385,0.8632287,61,0.1367713,298,246,0.825503356,52,0.174496644,97013.0665,1132,61,0.053886926,958,0.846289753,113,0.099823322
5311601,2015,622,474,0.762057878,148,0.237942122,401,334,0.832917706,67,0.167082294,110353.2216,1264,55,0.043512658,998,0.789556962,211,0.16693038
5311602,2015,697,384,0.550932568,313,0.449067432,337,280,0.830860534,57,0.169139466,108197.3151,1351,83,0.061435973,927,0.686158401,341,0.252405625
5311603,2015,668,416,0.622754491,252,0.377245509,341,279,0.818181818,62,0.181818182,102927.8536,1010,57,0.056435644,728,0.720792079,225,0.222772277
5311604,2015,469,311,0.663113006,158,0.336886994,272,217,0.797794118,55,0.202205882,121909.0324,987,63,0.063829787,617,0.625126646,307,0.311043566
5311605,2015,599,396,0.661101836,203,0.338898164,352,288,0.818181818,64,0.181818182,93820.4717,1278,72,0.056338028,736,0.575899844,470,0.367762128
5311606,2015,519,352,0.67822736,167,0.32177264,318,257,0.808176101,61,0.191823899,95418.76559,1236,93,0.075242718,873,0.70631068,270,0.218446602
5311607,2015,555,341,0.614414414,214,0.385585586,320,261,0.815625,59,0.184375,105464.7625,1271,80,0.062942565,860,0.676632573,331,0.260424862
5311608,2015,615,360,0.585365854,255,0.414634146,338,272,0.804733728,66,0.195266272,123731.0996,1463,86,0.058783322,848,0.579630895,529,0.361585783
5311609,2015,540,349,0.646296296,191,0.353703704,329,277,0.841945289,52,0.158054711,131868.8647,1412,64,0.045325779,907,0.642351275,441,0.312322946
5311610,2015,458,294,0.641921397,164,0.358078603,263,214,0.813688213,49,0.186311787,78281.56177,1108,123,0.11101083,584,0.527075812,401,0.361913357
5311611,2015,491,294,0.598778004,197,0.401221996,259,194,0.749034749,65,0.250965251,70779.0514,1156,145,0.125432526,581,0.502595156,430,0.371972318
5311612,2015,438,286,0.652968037,152,0.347031963,233,189,0.811158798,44,0.188841202,75024.92564,995,122,0.122613065,570,0.572864322,303,0.304522613
5311613,2015,423,253,0.598108747,170,0.401891253,227,181,0.797356828,46,0.202643172,72061.41799,1128,139,0.12322695,567,0.502659574,422,0.374113475
5311614,2015,491,342,0.696537678,149,0.303462322,272,219,0.805147059,53,0.194852941,77263.5034,1205,165,0.136929461,730,0.605809129,310,0.257261411
5311615,2015,458,389,0.849344978,69,0.150655022,325,269,0.827692308,56,0.172307692,114139.1193,1172,80,0.068259386,948,0.80887372,144,0.122866894
5311616,2015,458,334,0.729257642,124,0.270742358,286,242,0.846153846,44,0.153846154,136358.9066,1123,60,0.053428317,904,0.804986643,159,0.14158504
5311701,2015,463,321,0.693304536,142,0.306695464,282,224,0.794326241,58,0.205673759,96107.3753,1087,80,0.073597056,769,0.707451702,238,0.218951242
5311702,2015,421,276,0.655581948,145,0.344418052,244,203,0.831967213,41,0.168032787,86317.29517,1032,76,0.073643411,654,0.63372093,302,0.292635659
5311703,2015,475,329,0.692631579,146,0.307368421,254,205,0.807086614,49,0.192913386,73637.95181,1002,110,0.109780439,732,0.730538922,160,0.159680639
5311704,2015,443,318,0.717832957,125,0.282167043,287,227,0.790940767,60,0.209059233,105713.7251,1169,69,0.059024808,848,0.72540633,252,0.215568862
5311705,2015,620,483,0.779032258,137,0.220967742,382,320,0.837696335,62,0.162303665,104565.7821,1466,111,0.075716235,1236,0.843110505,119,0.081173261
5311706,2015,589,481,0.81663837,108,0.18336163,382,319,0.835078534,63,0.164921466,94005.06157,1404,86,0.061253561,1135,0.808404558,183,0.13034188
5311801,2015,763,602,0.788990826,161,0.211009174,477,394,0.825995807,83,0.174004193,99616.37234,1648,88,0.053398058,1293,0.784587379,267,0.162014563
5311802,2015,576,439,0.762152778,137,0.237847222,328,263,0.801829268,65,0.198170732,82516.5891,1216,82,0.067434211,960,0.789473684,174,0.143092105
5311900,2015,638,472,0.739811912,166,0.260188088,353,288,0.815864023,65,0.184135977,72878.47276,1154,42,0.036395147,897,0.77729636,215,0.186308492
5310100,2014,890,625,0.702247191,265,0.297752809,450,363,0.806666667,87,0.239669421,71280.76529,1808,144,0.079646018,1446,0.799778761,218,0.120575221
5310200,2014,1964,1467,0.74694501,497,0.25305499,1071,903,0.843137255,168,0.186046512,77067.32981,3662,233,0.063626434,3114,0.850354997,315,0.086018569
5310300,2014,524,336,0.641221374,188,0.358778626,292,241,0.825342466,51,0.211618257,65530.21635,1053,230,0.218423552,778,0.738841406,45,0.042735043
5310400,2014,882,634,0.718820862,248,0.281179138,464,357,0.769396552,107,0.299719888,48985.2482,1707,111,0.065026362,1253,0.734036321,343,0.200937317
5310501,2014,541,409,0.756007394,132,0.243992606,296,206,0.695945946,90,0.436893204,57808.06459,1167,48,0.041131105,977,0.837189374,142,0.12167952
5310502,2014,666,453,0.68018018,213,0.31981982,290,224,0.772413793,66,0.294642857,71849.79644,1275,84,0.065882353,1055,0.82745098,136,0.106666667
5310503,2014,491,421,0.857433809,70,0.142566191,302,240,0.794701987,62,0.258333333,65735.70087,1126,42,0.037300178,1018,0.904085258,66,0.058614565
5310504,2014,492,338,0.68699187,154,0.31300813,265,219,0.826415094,46,0.210045662,76361.44167,1049,51,0.048617731,922,0.878932316,76,0.072449952
5310600,2014,886,604,0.681715576,282,0.318284424,420,350,0.833333333,70,0.2,57850.83808,1616,130,0.080445545,1389,0.859529703,97,0.060024752
5310701,2014,395,284,0.718987342,111,0.281012658,269,205,0.762081784,64,0.312195122,82307.50413,1034,289,0.279497099,676,0.65377176,69,0.066731141
5310702,2014,369,280,0.758807588,89,0.241192412,238,189,0.794117647,49,0.259259259,79862.45,876,168,0.191780822,652,0.744292237,56,0.063926941
5310703,2014,534,324,0.606741573,210,0.393258427,272,216,0.794117647,56,0.259259259,69696.72135,1118,246,0.220035778,805,0.720035778,67,0.059928444
5310800,2014,629,377,0.59936407,252,0.40063593,327,262,0.801223242,65,0.248091603,62231.16176,1275,377,0.295686275,840,0.658823529,58,0.045490196
5310901,2014,426,261,0.612676056,165,0.387323944,235,158,0.672340426,77,0.487341772,57492.73611,966,355,0.367494824,544,0.563146998,67,0.069358178
5310902,2014,481,263,0.546777547,218,0.453222453,344,250,0.726744186,94,0.376,61107.76112,1385,725,0.523465704,512,0.36967509,148,0.106859206
5311000,2014,710,549,0.773239437,161,0.226760563,401,325,0.810473815,76,0.233846154,58999.07939,1467,100,0.068166326,1278,0.871165644,89,0.06066803
5311101,2014,585,439,0.75042735,146,0.24957265,311,228,0.733118971,83,0.364035088,66078.55837,1249,121,0.096877502,962,0.770216173,166,0.132906325
5311102,2014,452,385,0.851769912,67,0.148230088,300,240,0.8,60,0.25,77022.72454,1091,46,0.042163153,925,0.847846013,120,0.109990834
5311103,2014,407,337,0.828009828,70,0.171990172,301,237,0.787375415,64,0.270042194,92932.73402,1051,51,0.048525214,860,0.818268316,140,0.13320647
5311104,2014,505,407,0.805940594,98,0.194059406,351,294,0.837606838,57,0.193877551,87680.5087,1365,80,0.058608059,1184,0.867399267,101,0.073992674
5311200,2014,672,513,0.763392857,159,0.236607143,349,251,0.719197708,98,0.390438247,55866.6721,1311,110,0.083905416,1097,0.836765828,104,0.079328757
5311300,2014,778,525,0.674807198,253,0.325192802,394,290,0.736040609,104,0.35862069,57993.29038,1538,166,0.10793238,1120,0.728218466,252,0.163849155
5311401,2014,609,469,0.770114943,140,0.229885057,338,265,0.784023669,73,0.275471698,75075.50743,1296,78,0.060185185,1025,0.790895062,193,0.148919753
5311402,2014,480,396,0.825,84,0.175,313,252,0.805111821,61,0.242063492,79405.64706,1084,38,0.035055351,936,0.863468635,110,0.101476015
5311501,2014,590,380,0.644067797,210,0.355932203,267,186,0.696629213,81,0.435483871,65918.8954,1211,135,0.111478117,721,0.595375723,355,0.29314616
5311502,2014,532,402,0.755639098,130,0.244360902,303,254,0.838283828,49,0.192913386,94703.01556,1057,51,0.048249763,882,0.834437086,124,0.11731315
5311503,2014,476,295,0.619747899,181,0.380252101,241,194,0.804979253,47,0.242268041,68832.82402,952,85,0.089285714,610,0.640756303,257,0.269957983
5311504,2014,504,326,0.646825397,178,0.353174603,277,201,0.725631769,76,0.378109453,61687.84112,1120,125,0.111607143,672,0.6,323,0.288392857
5311505,2014,763,607,0.795543906,156,0.204456094,511,416,0.81409002,95,0.228365385,93554.50417,1877,129,0.068726692,1409,0.750665956,339,0.180607352
5311506,2014,478,391,0.817991632,87,0.182008368,318,245,0.770440252,73,0.297959184,86310.23476,1184,98,0.08277027,912,0.77027027,174,0.146959459
5311507,2014,437,364,0.832951945,73,0.167048055,288,234,0.8125,54,0.230769231,72830.48861,1073,64,0.059645853,920,0.857409133,89,0.082945014
5311601,2014,623,490,0.786516854,133,0.213483146,279,232,0.831541219,47,0.202586207,99711.67075,1198,51,0.042570952,997,0.832220367,150,0.125208681
5311602,2014,684,374,0.546783626,310,0.453216374,255,222,0.870588235,33,0.148648649,109378.5694,1256,64,0.050955414,907,0.722133758,285,0.226910828
5311603,2014,658,418,0.635258359,240,0.364741641,172,152,0.88372093,20,0.131578947,100506.5962,983,55,0.05595117,723,0.735503561,205,0.20854527
5311604,2014,463,300,0.647948164,163,0.352051836,212,172,0.811320755,40,0.23255814,106370.8747,948,63,0.066455696,557,0.587552743,328,0.345991561
5311605,2014,568,380,0.669014085,188,0.330985915,305,230,0.754098361,75,0.326086957,94381.63796,1243,90,0.072405471,684,0.550281577,469,0.377312953
5311606,2014,517,371,0.717601547,146,0.282398453,300,244,0.813333333,56,0.229508197,99280.27332,1174,57,0.048551959,911,0.775979557,206,0.175468484
5311607,2014,569,349,0.613356766,220,0.386643234,337,299,0.887240356,38,0.127090301,128396.7336,1283,80,0.062353858,888,0.692127825,315,0.245518316
5311608,2014,600,345,0.575,255,0.425,382,328,0.858638743,54,0.164634146,147423.511,1391,54,0.038820992,838,0.602444285,499,0.358734723
5311609,2014,528,369,0.698863636,159,0.301136364,386,348,0.901554404,38,0.109195402,160428.7246,1386,70,0.050505051,957,0.69047619,359,0.259018759
5311610,2014,480,301,0.627083333,179,0.372916667,297,226,0.760942761,71,0.314159292,88267.32648,1149,116,0.100957354,559,0.486510009,474,0.412532637
5311611,2014,486,321,0.660493827,165,0.339506173,272,208,0.764705882,64,0.307692308,74060.59729,1161,165,0.142118863,617,0.531438415,379,0.326442722
5311612,2014,435,277,0.636781609,158,0.363218391,258,190,0.736434109,68,0.357894737,80635.73506,1010,118,0.116831683,612,0.605940594,280,0.277227723
5311613,2014,428,262,0.612149533,166,0.387850467,263,182,0.692015209,81,0.445054945,75556.49067,1025,97,0.094634146,556,0.542439024,372,0.362926829
5311614,2014,466,342,0.733905579,124,0.266094421,282,205,0.726950355,77,0.375609756,75783.29314,1100,111,0.100909091,709,0.644545455,280,0.254545455
5311615,2014,449,395,0.879732739,54,0.120267261,334,286,0.856287425,48,0.167832168,104314.5655,1191,52,0.043660789,1004,0.842989085,135,0.113350126
5311616,2014,410,318,0.775609756,92,0.224390244,294,261,0.887755102,33,0.126436782,140902.768,1053,64,0.060778727,848,0.805318139,141,0.133903134
5311701,2014,444,313,0.704954955,131,0.295045045,280,227,0.810714286,53,0.233480176,85670.71744,976,49,0.050204918,715,0.732581967,212,0.217213115
5311702,2014,408,264,0.647058824,144,0.352941176,265,215,0.811320755,50,0.23255814,94073.35079,956,89,0.093096234,611,0.639121339,256,0.267782427
5311703,2014,506,347,0.685770751,159,0.314229249,250,196,0.784,54,0.275510204,74307.1958,1083,87,0.08033241,778,0.718374885,218,0.201292705
5311704,2014,433,326,0.752886836,107,0.247113164,303,266,0.877887789,37,0.139097744,117192.5825,1084,31,0.028597786,812,0.749077491,241,0.222324723
5311705,2014,601,478,0.795341098,123,0.204658902,385,321,0.833766234,64,0.199376947,87423.29207,1502,101,0.067243675,1300,0.86551265,101,0.067243675
5311706,2014,596,484,0.812080537,112,0.187919463,371,297,0.800539084,74,0.249158249,77938.06391,1335,82,0.061423221,1079,0.8082397,174,0.130337079
5311801,2014,760,597,0.785526316,163,0.214473684,474,382,0.805907173,92,0.240837696,89650.882,1722,85,0.049361208,1333,0.774099884,304,0.176538908
5311802,2014,570,430,0.754385965,140,0.245614035,308,246,0.798701299,62,0.25203252,67455.0608,1141,72,0.063102542,899,0.787905346,170,0.148992112
5311900,2014,629,495,0.786963434,134,0.213036566,334,265,0.793413174,69,0.260377358,57706.07721,1207,50,0.041425021,944,0.782104391,213,0.176470588
5310100,2013,859,592,0.689173458,267,0.310826542,414,338,0.816425121,76,0.224852071,68664.42985,1701,120,0.070546737,1324,0.778365667,257,0.151087596
5310200,2013,1926,1417,0.735721703,509,0.264278297,1028,848,0.824902724,180,0.212264151,76803.66624,3460,210,0.060693642,3000,0.867052023,250,0.072254335
5310300,2013,515,356,0.691262136,159,0.308737864,286,229,0.800699301,57,0.248908297,65386.16346,1039,186,0.179018287,808,0.777670837,45,0.043310876
5310400,2013,869,634,0.729574223,235,0.270425777,456,357,0.782894737,99,0.277310924,50772.18302,1636,124,0.075794621,1221,0.746332518,291,0.177872861
5310501,2013,547,416,0.760511883,131,0.239488117,277,197,0.711191336,80,0.406091371,56965.49339,1165,47,0.040343348,1013,0.869527897,105,0.090128755
5310502,2013,664,461,0.694277108,203,0.305722892,278,208,0.748201439,70,0.336538462,66551.66731,1212,45,0.037128713,1045,0.862211221,122,0.100660066
5310503,2013,495,422,0.852525253,73,0.147474747,312,238,0.762820513,74,0.31092437,61887.37687,1119,50,0.044682752,978,0.873994638,91,0.081322609
5310504,2013,505,358,0.708910891,147,0.291089109,284,243,0.855633803,41,0.16872428,73130.34656,1076,57,0.052973978,946,0.879182156,73,0.067843866
5310600,2013,904,587,0.649336283,317,0.350663717,436,356,0.816513761,80,0.224719101,60245.71174,1683,146,0.086749851,1423,0.845513963,114,0.067736185
5310701,2013,374,257,0.687165775,117,0.312834225,239,184,0.769874477,55,0.298913043,73029.57396,951,271,0.284963197,628,0.660357518,52,0.054679285
5310702,2013,381,291,0.763779528,90,0.236220472,252,200,0.793650794,52,0.26,80668.25575,959,145,0.151199166,743,0.774765381,71,0.074035454
5310703,2013,526,326,0.619771863,200,0.380228137,260,212,0.815384615,48,0.226415094,66790.05249,1079,184,0.170528267,810,0.750695088,85,0.078776645
5310800,2013,646,388,0.600619195,258,0.399380805,333,267,0.801801802,66,0.247191011,56694.03983,1337,345,0.258040389,939,0.702318624,53,0.039640987
5310901,2013,438,267,0.609589041,171,0.390410959,239,175,0.732217573,64,0.365714286,57768.01928,980,324,0.330612245,606,0.618367347,50,0.051020408
5310902,2013,475,256,0.538947368,219,0.461052632,342,270,0.789473684,72,0.266666667,54109.58042,1362,701,0.514684288,510,0.374449339,151,0.110866373
5311000,2013,738,563,0.762872629,175,0.237127371,416,345,0.829326923,71,0.205797101,54894.0389,1466,94,0.064120055,1270,0.866302865,102,0.06957708
5311101,2013,558,406,0.727598566,152,0.272401434,276,192,0.695652174,84,0.4375,61399.50936,1142,132,0.11558669,915,0.801225919,95,0.083187391
5311102,2013,444,366,0.824324324,78,0.175675676,293,231,0.788395904,62,0.268398268,77970.02184,1058,75,0.070888469,877,0.828922495,106,0.100189036
5311103,2013,401,320,0.798004988,81,0.201995012,284,231,0.813380282,53,0.229437229,84157.89323,1023,64,0.062561095,808,0.789833822,151,0.147605083
5311104,2013,472,401,0.849576271,71,0.150423729,356,313,0.879213483,43,0.137380192,81355.63492,1282,37,0.028861154,1184,0.923556942,61,0.047581903
5311200,2013,636,471,0.740566038,165,0.259433962,310,250,0.806451613,60,0.24,58286.86588,1204,83,0.068936877,1048,0.870431894,73,0.060631229
5311300,2013,770,526,0.683116883,244,0.316883117,368,275,0.747282609,93,0.338181818,55240.4481,1444,111,0.076869806,1118,0.774238227,215,0.148891967
5311401,2013,610,447,0.732786885,163,0.267213115,315,251,0.796825397,64,0.25498008,71083.85687,1253,103,0.082202713,952,0.759776536,198,0.15802075
5311402,2013,444,348,0.783783784,96,0.216216216,305,249,0.816393443,56,0.224899598,78470.37817,1028,80,0.077821012,808,0.785992218,140,0.13618677
5311501,2013,601,400,0.665557404,201,0.334442596,266,185,0.695488722,81,0.437837838,60895.42017,1221,106,0.086814087,812,0.665028665,303,0.248157248
5311502,2013,502,378,0.752988048,124,0.247011952,295,250,0.847457627,45,0.18,97065.9093,1067,49,0.045923149,901,0.844423618,117,0.109653233
5311503,2013,478,279,0.583682008,199,0.416317992,250,195,0.78,55,0.282051282,69648.34239,1037,118,0.113789778,679,0.654773385,240,0.231436837
5311504,2013,486,319,0.656378601,167,0.343621399,281,209,0.743772242,72,0.344497608,61879.14044,1100,141,0.128181818,657,0.597272727,302,0.274545455
5311505,2013,741,603,0.813765182,138,0.186234818,508,411,0.809055118,97,0.236009732,86749.52535,1839,129,0.070146819,1356,0.737357259,354,0.192495922
5311506,2013,460,359,0.780434783,101,0.219565217,320,254,0.79375,66,0.25984252,85625.70353,1125,81,0.072,838,0.744888889,206,0.183111111
5311507,2013,414,353,0.852657005,61,0.147342995,297,239,0.804713805,58,0.242677824,75921.07068,1038,42,0.040462428,909,0.875722543,87,0.083815029
5311601,2013,633,495,0.781990521,138,0.218009479,290,249,0.85862069,41,0.164658635,100744.8964,1286,61,0.047433904,1067,0.82970451,158,0.122861586
5311602,2013,680,381,0.560294118,299,0.439705882,266,227,0.853383459,39,0.171806167,107146.4547,1290,53,0.041085271,950,0.736434109,287,0.22248062
5311603,2013,652,427,0.654907975,225,0.345092025,169,143,0.846153846,26,0.181818182,99110.40228,970,46,0.04742268,717,0.739175258,207,0.213402062
5311604,2013,502,318,0.633466135,184,0.366533865,213,160,0.751173709,53,0.33125,113097.9631,1018,65,0.063850688,648,0.63654224,305,0.299607073
5311605,2013,585,378,0.646153846,207,0.353846154,295,220,0.745762712,75,0.340909091,78845.99044,1232,90,0.073051948,697,0.565746753,445,0.361201299
5311606,2013,499,346,0.693386774,153,0.306613226,290,241,0.831034483,49,0.203319502,91278.08716,1108,78,0.070397112,805,0.726534296,225,0.203068592
5311607,2013,570,366,0.642105263,204,0.357894737,337,285,0.845697329,52,0.18245614,119450.0349,1259,67,0.053216839,889,0.706115965,303,0.240667196
5311608,2013,635,368,0.579527559,267,0.420472441,411,367,0.892944039,44,0.119891008,144401.127,1519,70,0.046082949,989,0.651086241,460,0.30283081
5311609,2013,503,367,0.729622266,136,0.270377734,373,332,0.890080429,41,0.123493976,157290.0396,1335,49,0.03670412,953,0.713857678,333,0.249438202
5311610,2013,474,328,0.691983122,146,0.308016878,278,201,0.723021583,77,0.383084577,87362.89352,1089,106,0.097337006,614,0.563820018,369,0.338842975
5311611,2013,519,313,0.603082852,206,0.396917148,294,206,0.700680272,88,0.427184466,70502.79393,1203,195,0.162094763,624,0.518703242,384,0.319201995
5311612,2013,437,290,0.663615561,147,0.336384439,245,181,0.73877551,64,0.35359116,78447.17585,980,117,0.119387755,586,0.597959184,277,0.282653061
5311613,2013,425,273,0.642352941,152,0.357647059,246,183,0.743902439,63,0.344262295,71430.79474,998,118,0.118236473,574,0.575150301,306,0.306613226
5311614,2013,472,343,0.726694915,129,0.273305085,300,228,0.76,72,0.315789474,71405.63953,1165,139,0.119313305,722,0.619742489,304,0.260944206
5311615,2013,458,389,0.849344978,69,0.150655022,342,285,0.833333333,57,0.2,99326.33941,1241,67,0.053988719,1023,0.824335214,151,0.121676068
5311616,2013,430,320,0.744186047,110,0.255813953,301,266,0.88372093,35,0.131578947,137468.4729,1086,38,0.034990792,915,0.842541436,133,0.122467772
5311701,2013,462,332,0.718614719,130,0.281385281,274,221,0.806569343,53,0.239819005,88423.3034,1032,91,0.088178295,740,0.717054264,201,0.194767442
5311702,2013,426,291,0.683098592,135,0.316901408,259,204,0.787644788,55,0.269607843,89740.71173,1000,48,0.048,656,0.656,296,0.296
5311703,2013,476,326,0.68487395,150,0.31512605,236,185,0.783898305,51,0.275675676,72472.50636,970,81,0.083505155,739,0.76185567,150,0.154639175
5311704,2013,431,316,0.733178654,115,0.266821346,321,274,0.853582555,47,0.171532847,114586.4678,1162,91,0.078313253,861,0.740963855,210,0.180722892
5311705,2013,574,447,0.778745645,127,0.221254355,358,290,0.810055866,68,0.234482759,83383.37143,1319,90,0.06823351,1115,0.845337377,114,0.086429113
5311706,2013,590,481,0.815254237,109,0.184745763,385,306,0.794805195,79,0.258169935,74683.09962,1377,91,0.066085694,1151,0.835875091,135,0.098039216
5311801,2013,718,572,0.796657382,146,0.203342618,437,365,0.835240275,72,0.197260274,85997.5127,1558,64,0.041078306,1222,0.784338896,272,0.174582798
5311802,2013,574,422,0.735191638,152,0.264808362,313,246,0.785942492,67,0.272357724,72448.61373,1205,53,0.043983402,978,0.811618257,174,0.14439834
5311900,2013,620,456,0.735483871,164,0.264516129,307,233,0.758957655,74,0.317596567,57802.64529,1105,47,0.042533937,891,0.806334842,167,0.151131222
5310100,2012,876,600,0.684931507,276,0.315068493,432,351,0.8125,81,0.1875,69104.37463,1743,122,0.069994263,1454,0.834193919,240,0.137693632
5310200,2012,1933,1414,0.731505432,519,0.268494568,1059,872,0.823418319,187,0.176581681,72916.93218,3662,254,0.069361005,3267,0.892135445,319,0.087110868
5310300,2012,532,355,0.667293233,177,0.332706767,304,257,0.845394737,47,0.154605263,66186.98832,1092,248,0.227106227,950,0.86996337,37,0.033882784
5310400,2012,877,613,0.698973774,264,0.301026226,463,354,0.764578834,109,0.235421166,49546.56825,1651,134,0.081162932,1324,0.801938219,296,0.179285282
5310501,2012,547,409,0.747714808,138,0.252285192,284,202,0.711267606,82,0.288732394,51447.81156,1159,66,0.056945643,1034,0.892148404,98,0.084555651
5310502,2012,645,449,0.696124031,196,0.303875969,276,211,0.764492754,65,0.235507246,68840.98004,1200,47,0.039166667,1049,0.874166667,131,0.109166667
5310503,2012,510,423,0.829411765,87,0.170588235,288,227,0.788194444,61,0.211805556,62300.85746,1123,40,0.035618878,1017,0.905609973,85,0.075690116
5310504,2012,496,344,0.693548387,152,0.306451613,275,237,0.861818182,38,0.138181818,69223.95924,1080,51,0.047222222,999,0.925,68,0.062962963
5310600,2012,914,632,0.691466083,282,0.308533917,456,372,0.815789474,84,0.184210526,55586.6227,1807,164,0.090758163,1617,0.894853348,127,0.070282236
5310701,2012,370,262,0.708108108,108,0.291891892,246,193,0.784552846,53,0.215447154,72162.66472,951,228,0.239747634,759,0.798107256,68,0.07150368
5310702,2012,370,282,0.762162162,88,0.237837838,231,187,0.80952381,44,0.19047619,78275.95195,840,131,0.155952381,753,0.896428571,44,0.052380952
5310703,2012,560,325,0.580357143,235,0.419642857,290,238,0.820689655,52,0.179310345,67498.5,1165,225,0.193133047,1016,0.872103004,66,0.056652361
5310800,2012,642,409,0.637071651,233,0.362928349,339,266,0.784660767,73,0.215339233,50662.94309,1338,288,0.215246637,1089,0.813901345,71,0.053064275
5310901,2012,433,267,0.616628176,166,0.383371824,235,173,0.736170213,62,0.263829787,56568.52235,946,309,0.326638478,735,0.776955603,75,0.079281184
5310902,2012,519,288,0.554913295,231,0.445086705,358,271,0.75698324,87,0.24301676,57745.10675,1464,683,0.466530055,1165,0.795765027,146,0.099726776
5311000,2012,721,554,0.768377254,167,0.231622746,414,328,0.792270531,86,0.207729469,59024.21273,1452,96,0.066115702,1344,0.925619835,82,0.056473829
5311101,2012,566,421,0.743816254,145,0.256183746,281,214,0.761565836,67,0.238434164,57161.07,1147,116,0.101133391,962,0.838709677,121,0.105492589
5311102,2012,453,355,0.783664459,98,0.216335541,289,236,0.816608997,53,0.183391003,71621.14657,1054,62,0.058823529,939,0.890891841,86,0.081593928
5311103,2012,391,305,0.780051151,86,0.219948849,288,236,0.819444444,52,0.180555556,92993.58824,1064,60,0.056390977,867,0.814849624,164,0.154135338
5311104,2012,482,399,0.82780083,83,0.17219917,348,309,0.887931034,39,0.112068966,79879.38462,1280,37,0.02890625,1184,0.925,87,0.06796875
5311200,2012,713,541,0.758765778,172,0.241234222,384,306,0.796875,78,0.203125,54293.17905,1426,107,0.075035063,1252,0.877980365,119,0.08345021
5311300,2012,802,565,0.704488778,237,0.295511222,407,314,0.771498771,93,0.228501229,55592.01917,1538,117,0.076072822,1228,0.798439532,259,0.16840052
5311401,2012,574,417,0.726480836,157,0.273519164,320,241,0.753125,79,0.246875,70732.012,1223,80,0.065412919,992,0.811120196,210,0.171708913
5311402,2012,421,336,0.798099762,85,0.201900238,289,226,0.78200692,63,0.21799308,76026.70052,984,54,0.054878049,870,0.884146341,98,0.099593496
5311501,2012,589,397,0.674023769,192,0.325976231,269,183,0.680297398,86,0.319702602,58203.98938,1211,100,0.082576383,823,0.679603633,347,0.28654005
5311502,2012,538,408,0.758364312,130,0.241635688,302,261,0.864238411,41,0.135761589,88309.40708,1100,38,0.034545455,944,0.858181818,140,0.127272727
5311503,2012,466,279,0.598712446,187,0.401287554,247,190,0.769230769,57,0.230769231,68143.79784,989,120,0.121334681,681,0.688574317,261,0.263902932
5311504,2012,489,307,0.627811861,182,0.372188139,275,189,0.687272727,86,0.312727273,57945.71913,1127,147,0.130434783,718,0.637089618,336,0.298136646
5311505,2012,704,574,0.815340909,130,0.184659091,477,398,0.834381551,79,0.165618449,88282.52148,1655,80,0.048338369,1346,0.813293051,289,0.174622356
5311506,2012,460,375,0.815217391,85,0.184782609,305,233,0.763934426,72,0.236065574,78199.08873,1094,69,0.063071298,944,0.862888483,135,0.123400366
5311507,2012,421,349,0.828978622,72,0.171021378,287,250,0.871080139,37,0.128919861,80249.17867,1053,41,0.038936372,960,0.911680912,80,0.075973409
5311601,2012,613,470,0.766721044,143,0.233278956,256,215,0.83984375,41,0.16015625,94673.15315,1184,53,0.044763514,1001,0.845439189,158,0.133445946
5311602,2012,665,353,0.530827068,312,0.469172932,240,201,0.8375,39,0.1625,98481.41263,1212,64,0.052805281,900,0.742574257,282,0.232673267
5311603,2012,621,390,0.628019324,231,0.371980676,138,121,0.876811594,17,0.123188406,86726.86722,903,52,0.057585825,695,0.7696567,187,0.207087486
5311604,2012,477,296,0.620545073,181,0.379454927,189,147,0.777777778,42,0.222222222,100277.966,923,74,0.080173348,596,0.645720477,308,0.333694475
5311605,2012,534,340,0.63670412,194,0.36329588,270,200,0.740740741,70,0.259259259,88614.81002,1144,93,0.081293706,692,0.604895105,417,0.36451049
5311606,2012,510,346,0.678431373,164,0.321568627,294,242,0.823129252,52,0.176870748,96537.88558,1133,80,0.070609003,888,0.783759929,211,0.186231244
5311607,2012,509,345,0.677799607,164,0.322200393,305,260,0.852459016,45,0.147540984,113600.8,1160,53,0.045689655,882,0.760344828,260,0.224137931
5311608,2012,605,346,0.571900826,259,0.428099174,379,330,0.870712401,49,0.129287599,132046.4864,1373,61,0.044428259,942,0.686088857,411,0.299344501
5311609,2012,494,337,0.682186235,157,0.317813765,370,327,0.883783784,43,0.116216216,148205.3701,1284,35,0.027258567,974,0.758566978,297,0.231308411
5311610,2012,472,306,0.648305085,166,0.351694915,268,198,0.73880597,70,0.26119403,75900.62998,1066,72,0.067542214,628,0.589118199,406,0.380863039
5311611,2012,512,303,0.591796875,209,0.408203125,271,198,0.730627306,73,0.269372694,64678.38479,1149,160,0.139251523,690,0.600522193,389,0.338555265
5311612,2012,446,283,0.634529148,163,0.365470852,262,196,0.748091603,66,0.251908397,74681.73485,982,122,0.124236253,649,0.66089613,269,0.273930754
5311613,2012,454,280,0.616740088,174,0.383259912,267,208,0.779026217,59,0.220973783,76187.90226,1107,125,0.112917796,647,0.584462511,402,0.363143631
5311614,2012,455,321,0.705494505,134,0.294505495,298,215,0.72147651,83,0.27852349,69151.52998,1171,139,0.118701964,815,0.695986336,272,0.232280102
5311615,2012,455,386,0.848351648,69,0.151648352,327,283,0.865443425,44,0.134556575,105474.2874,1181,78,0.066045724,1033,0.874682472,127,0.107535986
5311616,2012,417,306,0.73381295,111,0.26618705,282,250,0.886524823,32,0.113475177,140626.4328,1015,23,0.022660099,890,0.876847291,121,0.119211823
5311701,2012,441,319,0.723356009,122,0.276643991,260,194,0.746153846,66,0.253846154,92219.73,994,57,0.057344064,781,0.785714286,184,0.185110664
5311702,2012,417,266,0.637889688,151,0.362110312,249,198,0.795180723,51,0.204819277,89145.25594,991,83,0.083753784,721,0.727547931,247,0.249243189
5311703,2012,509,326,0.640471513,183,0.359528487,244,184,0.754098361,60,0.245901639,65639.9,1083,128,0.118190212,819,0.756232687,222,0.20498615
5311704,2012,419,307,0.732696897,112,0.267303103,297,252,0.848484848,45,0.151515152,112948.9921,1094,72,0.065813528,892,0.81535649,191,0.174588665
5311705,2012,588,450,0.765306122,138,0.234693878,366,303,0.827868852,63,0.172131148,79306.10505,1386,103,0.074314574,1236,0.891774892,111,0.08008658
5311706,2012,572,456,0.797202797,116,0.202797203,370,289,0.781081081,81,0.218918919,72661.69488,1379,61,0.044234953,1206,0.874546773,159,0.115300943
5311801,2012,710,544,0.766197183,166,0.233802817,423,343,0.810874704,80,0.189125296,82744.62459,1495,76,0.05083612,1232,0.824080268,236,0.157859532
5311802,2012,592,406,0.685810811,186,0.314189189,289,216,0.747404844,73,0.252595156,64613.18502,1125,78,0.069333333,923,0.820444444,159,0.141333333
5311900,2012,648,471,0.726851852,177,0.273148148,324,265,0.817901235,59,0.182098765,56225.93449,1149,52,0.045256745,957,0.832898172,169,0.147084421
5300100,2011,850,594,0.698823529,256,0.301176471,413,331,0.801452785,82,0.247734139,60964.86687,1712,108,0.063084112,1397,0.816004673,207,0.120911215
5300200,2011,2032,1505,0.740649606,527,0.259350394,1086,911,0.838858195,175,0.192096597,72720.653,3785,200,0.052840159,3291,0.869484808,294,0.077675033
5300300,2011,1175,730,0.621276596,445,0.378723404,580,475,0.818965517,105,0.221052632,57582.65537,2211,398,0.180009046,1673,0.75667119,140,0.063319765
5300400,2011,1215,813,0.669135802,402,0.330864198,651,519,0.797235023,132,0.25433526,49597.85356,2505,492,0.196407186,1807,0.721357285,206,0.082235529
5300500,2011,1110,816,0.735135135,294,0.264864865,516,380,0.736434109,136,0.357894737,53296.01862,2191,138,0.062984938,1882,0.858968508,171,0.078046554
5300601,2011,720,463,0.643055556,257,0.356944444,367,309,0.841961853,58,0.187702265,65698.24554,1460,57,0.039041096,1275,0.873287671,128,0.087671233
5300602,2011,603,511,0.847429519,92,0.152570481,381,313,0.82152231,68,0.217252396,63100.05072,1447,46,0.03178991,1304,0.901174845,97,0.067035245
5300700,2011,1090,659,0.604587156,431,0.395412844,474,394,0.831223629,80,0.203045685,58423.34005,2030,149,0.073399015,1685,0.830049261,196,0.096551724
5300800,2011,823,552,0.670716889,271,0.329283111,503,409,0.813121272,94,0.229828851,70468.43626,1962,435,0.221712538,1400,0.713557594,127,0.064729867
5300901,2011,367,186,0.506811989,181,0.493188011,274,198,0.722627737,76,0.383838384,56618.22388,1095,594,0.542465753,399,0.364383562,102,0.093150685
5300902,2011,437,284,0.649885584,153,0.350114416,241,187,0.77593361,54,0.288770053,52744.77151,967,308,0.318510858,621,0.642192347,38,0.039296794
5301001,2011,650,429,0.66,221,0.34,325,250,0.769230769,75,0.3,64822.51107,1379,141,0.102248006,994,0.720812183,244,0.176939811
5301002,2011,700,466,0.665714286,234,0.334285714,413,329,0.796610169,84,0.255319149,82908.47182,1559,100,0.064143682,1116,0.715843489,343,0.220012829
5301003,2011,431,328,0.761020882,103,0.238979118,317,279,0.880126183,38,0.136200717,102318.6476,1111,45,0.04050405,848,0.763276328,218,0.196219622
5301004,2011,602,428,0.710963455,174,0.289036545,366,299,0.816939891,67,0.224080268,84005.33817,1398,96,0.068669528,1189,0.850500715,113,0.080829757
5301005,2011,576,466,0.809027778,110,0.190972222,363,284,0.782369146,79,0.278169014,70707.03929,1364,64,0.046920821,1161,0.851173021,139,0.101906158
5301100,2011,761,599,0.787122208,162,0.212877792,439,340,0.774487472,99,0.291176471,57794.64877,1611,74,0.045934202,1415,0.878336437,122,0.075729361
5301201,2011,434,337,0.776497696,97,0.223502304,281,235,0.836298932,46,0.195744681,77395.90576,1008,63,0.0625,822,0.81547619,123,0.12202381
5301202,2011,407,288,0.707616708,119,0.292383292,221,165,0.746606335,56,0.339393939,63736.58859,854,60,0.070257611,655,0.766978923,139,0.162763466
5301300,2011,1021,683,0.668952008,338,0.331047992,530,386,0.728301887,144,0.373056995,67515.16803,2166,198,0.091412742,1397,0.644967682,571,0.263619575
5301401,2011,790,646,0.817721519,144,0.182278481,495,398,0.804040404,97,0.243718593,77369.86944,1826,55,0.030120482,1541,0.843921139,230,0.125958379
5301402,2011,777,571,0.734877735,206,0.265122265,495,375,0.757575758,120,0.32,68614.59205,1904,145,0.076155462,1430,0.75105042,329,0.172794118
5301403,2011,474,329,0.694092827,145,0.305907173,262,196,0.748091603,66,0.336734694,66953.81114,989,99,0.100101112,645,0.652173913,245,0.247724975
5301404,2011,612,409,0.668300654,203,0.331699346,346,297,0.858381503,49,0.164983165,82299.15351,1285,70,0.054474708,1044,0.812451362,171,0.13307393
5301500,2011,1204,896,0.744186047,308,0.255813953,640,492,0.76875,148,0.300813008,50968.87103,2378,168,0.070647603,1936,0.814129521,274,0.115222876
5301600,2011,1089,748,0.686868687,341,0.313131313,506,419,0.828063241,87,0.207637232,58262.57478,1964,88,0.044806517,1579,0.803971487,297,0.151221996
5301701,2011,683,508,0.743777452,175,0.256222548,406,328,0.807881773,78,0.237804878,83152.7543,1500,67,0.044666667,1188,0.792,245,0.163333333
5301702,2011,612,433,0.70751634,179,0.29248366,324,241,0.74382716,83,0.34439834,60861.08866,1252,74,0.059105431,957,0.764376997,221,0.176517572
5301801,2011,661,494,0.747352496,167,0.252647504,313,264,0.843450479,49,0.185606061,96695.9396,1280,56,0.04375,1018,0.7953125,206,0.1609375
5301802,2011,716,386,0.539106145,330,0.460893855,256,209,0.81640625,47,0.224880383,94253.41365,1350,59,0.043703704,983,0.728148148,308,0.228148148
5301803,2011,660,403,0.610606061,257,0.389393939,170,142,0.835294118,28,0.197183099,89998.812,958,59,0.061586639,695,0.725469729,204,0.212943633
5301804,2011,507,325,0.641025641,182,0.358974359,208,156,0.75,52,0.333333333,95356.44651,995,48,0.048241206,603,0.606030151,344,0.345728643
5301805,2011,547,347,0.634369287,200,0.365630713,267,196,0.734082397,71,0.362244898,77276.81761,1160,82,0.070689655,672,0.579310345,406,0.35
5301900,2011,508,317,0.624015748,191,0.375984252,317,266,0.839116719,51,0.191729323,112877.4903,1154,46,0.039861352,779,0.675043328,329,0.285095321
5302001,2011,616,436,0.707792208,180,0.292207792,360,306,0.85,54,0.176470588,98346.42486,1339,60,0.044809559,1050,0.784167289,229,0.171023152
5302002,2011,715,456,0.637762238,259,0.362237762,447,395,0.883668904,52,0.13164557,125324.5476,1605,94,0.058566978,1143,0.712149533,368,0.229283489
5302003,2011,518,348,0.671814672,170,0.328185328,369,329,0.891598916,40,0.121580547,145197.2126,1322,53,0.040090772,945,0.714826021,324,0.245083207
5302004,2011,470,320,0.680851064,150,0.319148936,281,209,0.743772242,72,0.344497608,81799.34112,1073,65,0.060577819,598,0.557315937,410,0.382106244
5302005,2011,542,327,0.603321033,215,0.396678967,294,212,0.721088435,82,0.386792453,61793.78197,1259,179,0.14217633,649,0.515488483,431,0.342335187
5302006,2011,466,291,0.624463519,175,0.375536481,275,210,0.763636364,65,0.30952381,70438.48655,1161,133,0.114556417,636,0.547803618,392,0.337639966
5302007,2011,453,286,0.631346578,167,0.368653422,263,196,0.745247148,67,0.341836735,71776.02806,1041,140,0.134486071,628,0.60326609,273,0.262247839
5302008,2011,619,481,0.777059774,138,0.222940226,393,311,0.791348601,82,0.263665595,70151.57093,1499,125,0.083388926,1078,0.719146097,296,0.197464977
5302009,2011,575,471,0.819130435,104,0.180869565,417,373,0.894484412,44,0.117962466,110335.8872,1412,52,0.036827195,1256,0.889518414,104,0.073654391
5302101,2011,479,372,0.776617954,107,0.223382046,314,253,0.805732484,61,0.241106719,77159.86806,1212,87,0.071782178,966,0.797029703,159,0.131188119
5302102,2011,583,478,0.819897084,105,0.180102916,418,352,0.842105263,66,0.1875,85328.82772,1497,52,0.034736139,1343,0.897127589,102,0.068136273
5302200,2011,747,546,0.730923695,201,0.269076305,385,284,0.737662338,101,0.355633803,58279.91324,1532,144,0.093994778,1162,0.75848564,226,0.147519582
5300100,2010,917,692,0.754634678,225,0.245365322,511,425,0.831702544,86,0.168297456,64273.45939,3168,196,0.061868687,2711,0.855744949,261,0.082386364
5300200,2010,1626,1244,0.765067651,382,0.234932349,920,772,0.839130435,148,0.160869565,67508.28123,2121,381,0.179632249,1618,0.762847713,122,0.057520038
5300300,2010,1059,736,0.694995279,323,0.305004721,578,467,0.807958478,111,0.192041522,55695.53704,2354,383,0.162701784,1782,0.757009346,189,0.08028887
5300400,2010,1133,818,0.721977052,315,0.278022948,667,543,0.814092954,124,0.185907046,52907.07419,1965,83,0.042239186,1661,0.845292621,221,0.112468193
5300500,2010,939,751,0.799787007,188,0.200212993,502,371,0.739043825,131,0.260956175,57094.55489,1340,42,0.031343284,1219,0.909701493,79,0.058955224
5300601,2010,603,452,0.749585406,151,0.250414594,357,295,0.826330532,62,0.173669468,70475.92041,1353,42,0.031042129,1234,0.912047302,77,0.056910569
5300602,2010,574,522,0.909407666,52,0.090592334,375,295,0.786666667,80,0.213333333,65225.8229,1669,153,0.09167166,1408,0.843618933,108,0.064709407
5300700,2010,886,620,0.699774266,266,0.300225734,426,355,0.833333333,71,0.166666667,57454.4878,2277,509,0.223539745,1619,0.711023276,149,0.065436978
5300800,2010,890,639,0.717977528,251,0.282022472,596,480,0.805369128,116,0.194630872,70105.21149,1072,579,0.54011194,373,0.347947761,120,0.111940299
5300901,2010,344,182,0.529069767,162,0.470930233,247,172,0.696356275,75,0.303643725,50538.58917,1009,286,0.283448959,672,0.666005946,51,0.050545094
5300902,2010,425,307,0.722352941,118,0.277647059,270,202,0.748148148,68,0.251851852,61965.61421,1427,179,0.125437982,944,0.66152768,304,0.213034338
5301001,2010,619,426,0.688206785,193,0.311793215,329,244,0.741641337,85,0.258358663,63102.3554,1575,106,0.067301587,1153,0.732063492,316,0.200634921
5301002,2010,671,498,0.742175857,173,0.257824143,431,336,0.779582367,95,0.220417633,81344.96075,1236,59,0.047734628,940,0.760517799,237,0.191747573
5301003,2010,474,368,0.776371308,106,0.223628692,351,312,0.888888889,39,0.111111111,100861.7484,1337,103,0.077038145,1117,0.835452506,117,0.087509349
5301004,2010,554,420,0.758122744,134,0.241877256,357,291,0.81512605,66,0.18487395,78390.58737,1545,68,0.044012945,1273,0.82394822,204,0.132038835
5301005,2010,636,531,0.83490566,105,0.16509434,439,358,0.815489749,81,0.184510251,73589.70152,1451,118,0.081323225,1229,0.847002068,104,0.071674707
5301100,2010,678,538,0.793510324,140,0.206489676,407,315,0.773955774,92,0.226044226,56349.78089,1319,75,0.056861259,1089,0.825625474,155,0.117513268
5301201,2010,548,454,0.828467153,94,0.171532847,369,295,0.799457995,74,0.200542005,72437.45365,1038,46,0.044315992,828,0.797687861,164,0.157996146
5301202,2010,483,392,0.811594203,91,0.188405797,289,227,0.785467128,62,0.214532872,69536.33186,2056,175,0.085116732,1344,0.653696498,537,0.26118677
5301300,2010,923,668,0.723726977,255,0.276273023,506,354,0.699604743,152,0.300395257,62785.25988,1774,132,0.074408117,1426,0.803833145,216,0.121758737
5301401,2010,748,618,0.826203209,130,0.173796791,496,388,0.782258065,108,0.217741935,75129.71795,2043,152,0.074400392,1460,0.71463534,431,0.210964268
5301402,2010,783,610,0.779054917,173,0.220945083,543,437,0.804788214,106,0.195211786,68755.33929,875,74,0.084571429,579,0.661714286,222,0.253714286
5301403,2010,427,319,0.7470726,108,0.2529274,246,189,0.768292683,57,0.231707317,68592.99225,1352,71,0.052514793,1122,0.829881657,159,0.11760355
5301404,2010,615,426,0.692682927,189,0.307317073,367,312,0.85013624,55,0.14986376,81729.58664,2063,158,0.076587494,1731,0.839069317,174,0.08434319
5301500,2010,1027,770,0.749756573,257,0.250243427,568,450,0.792253521,118,0.207746479,51589.38626,1670,60,0.035928144,1458,0.873053892,152,0.091017964
5301600,2010,918,721,0.78540305,197,0.21459695,482,398,0.825726141,84,0.174273859,54406.99608,1382,64,0.046309696,1115,0.806801737,203,0.146888567
5301701,2010,569,463,0.81370826,106,0.18629174,383,327,0.853785901,56,0.146214099,82671.21388,1141,72,0.063102542,893,0.782646801,176,0.154250657
5301702,2010,529,421,0.79584121,108,0.20415879,306,240,0.784313725,66,0.215686275,61748.2364,1259,73,0.057982526,1024,0.813343924,162,0.12867355
5301801,2010,620,495,0.798387097,125,0.201612903,282,242,0.858156028,40,0.141843972,86484.53571,1114,38,0.034111311,810,0.727109515,266,0.238779174
5301802,2010,597,353,0.591289782,244,0.408710218,236,197,0.834745763,39,0.165254237,82880.34737,981,55,0.05606524,739,0.753312946,187,0.190621814
5301803,2010,671,460,0.685543964,211,0.314456036,175,149,0.851428571,26,0.148571429,81334.45709,978,51,0.052147239,534,0.54601227,393,0.401840491
5301804,2010,498,315,0.63253012,183,0.36746988,216,163,0.75462963,53,0.24537037,89520.10514,1127,88,0.078083407,654,0.580301686,385,0.341614907
5301805,2010,516,348,0.674418605,168,0.325581395,256,189,0.73828125,67,0.26171875,77814.88912,1165,61,0.052360515,686,0.588841202,418,0.358798283
5301900,2010,509,311,0.611001965,198,0.388998035,327,279,0.853211009,48,0.146788991,105836.3951,1212,79,0.065181518,915,0.754950495,218,0.179867987
5302001,2010,540,391,0.724074074,149,0.275925926,331,263,0.794561934,68,0.205438066,93748.046,1448,64,0.044198895,1075,0.742403315,309,0.21339779
5302002,2010,654,442,0.675840979,212,0.324159021,399,349,0.874686717,50,0.125313283,117005.0957,1358,44,0.032400589,987,0.726804124,327,0.240795287
5302003,2010,525,377,0.718095238,148,0.281904762,392,351,0.895408163,41,0.104591837,135450.6342,1225,151,0.123265306,634,0.51755102,440,0.359183673
5302004,2010,496,352,0.709677419,144,0.290322581,302,223,0.738410596,79,0.261589404,78638.9666,1090,171,0.156880734,606,0.555963303,313,0.287155963
5302005,2010,479,319,0.665970772,160,0.334029228,277,195,0.703971119,82,0.296028881,64540.82589,1158,114,0.098445596,690,0.595854922,354,0.305699482
5302006,2010,465,324,0.696774194,141,0.303225806,299,217,0.725752508,82,0.274247492,66906.93049,1019,116,0.113837095,635,0.623159961,268,0.263002944
5302007,2010,433,307,0.709006928,126,0.290993072,267,201,0.752808989,66,0.247191011,72714.17199,1327,124,0.093443858,978,0.737000754,225,0.169555388
5302008,2010,538,433,0.804832714,105,0.195167286,350,287,0.82,63,0.18,73799.70713,1493,66,0.044206296,1286,0.861352981,141,0.094440723
5302009,2010,582,475,0.816151203,107,0.183848797,429,369,0.86013986,60,0.13986014,111347.4416,1097,95,0.086599818,886,0.807657247,116,0.105742935
5302101,2010,423,359,0.848699764,64,0.151300236,307,254,0.827361564,53,0.172638436,73833.31235,1359,41,0.030169242,1239,0.911699779,79,0.058130979
5302102,2010,488,418,0.856557377,70,0.143442623,362,315,0.870165746,47,0.129834254,79257.84731,1422,141,0.099156118,1114,0.783403657,167,0.117440225
5302200,2010,646,491,0.76006192,155,0.23993808,370,274,0.740540541,96,0.259459459,59680.78965,#N/A,#N/A,#N/A,#N/A,#N/A,#N/A,#N/A
5300100,2009,877,676,0.770809578,201,0.229190422,461,384,0.8329718,77,0.1670282,65539.72386,1809,101,0.055831951,1549,0.856274185,219,0.12106136
5300200,2009,1545,1196,0.774110032,349,0.225889968,911,772,0.847420417,139,0.152579583,71618.20509,3032,182,0.060026385,2746,0.905672823,229,0.075527704
5300300,2009,1055,725,0.687203791,330,0.312796209,591,511,0.86463621,80,0.13536379,60924.66982,2167,335,0.154591601,1869,0.862482695,140,0.064605445
5300400,2009,1067,756,0.708528585,311,0.291471415,637,527,0.827315542,110,0.172684458,54592.60978,2288,396,0.173076923,1956,0.854895105,122,0.053321678
5300500,2009,929,739,0.79547901,190,0.20452099,482,367,0.761410788,115,0.238589212,55842.67558,1955,92,0.047058824,1739,0.889514066,178,0.091048593
5300601,2009,627,466,0.743221691,161,0.256778309,376,321,0.853723404,55,0.146276596,70623.88889,1435,39,0.0271777,1325,0.923344948,96,0.066898955
5300602,2009,580,493,0.85,87,0.15,353,288,0.815864023,65,0.184135977,66248.47723,1318,35,0.026555387,1209,0.917298938,98,0.074355083
5300700,2009,855,551,0.644444444,304,0.355555556,417,352,0.8441247,65,0.1558753,58983.93354,1607,168,0.104542626,1442,0.897324207,85,0.052893591
5300800,2009,849,645,0.759717314,204,0.240282686,583,470,0.806174957,113,0.193825043,72418.58984,2158,446,0.206672845,1786,0.827618165,133,0.06163114
5300901,2009,351,184,0.524216524,167,0.475783476,252,180,0.714285714,72,0.285714286,54062.96914,1069,611,0.571562208,744,0.695977549,71,0.066417212
5300902,2009,445,315,0.707865169,130,0.292134831,296,218,0.736486486,78,0.263513514,61057.90571,1090,318,0.291743119,784,0.719266055,73,0.066972477
5301001,2009,584,440,0.753424658,144,0.246575342,328,239,0.728658537,89,0.271341463,64708.41341,1239,111,0.089588378,1028,0.829701372,182,0.146892655
5301002,2009,622,483,0.776527331,139,0.223472669,401,332,0.827930175,69,0.172069825,83671.26123,1449,93,0.064182195,1124,0.775707384,294,0.202898551
5301003,2009,473,350,0.739957717,123,0.260042283,353,308,0.872521246,45,0.127478754,104023.4533,1246,42,0.033707865,990,0.794542536,236,0.1894061
5301004,2009,520,404,0.776923077,116,0.223076923,343,284,0.827988338,59,0.172011662,83622.88444,1265,87,0.068774704,1141,0.901976285,95,0.075098814
5301005,2009,590,495,0.838983051,95,0.161016949,400,329,0.8225,71,0.1775,75591.55477,1468,80,0.054495913,1298,0.884196185,152,0.103542234
5301100,2009,659,560,0.849772382,99,0.150227618,404,331,0.819306931,73,0.180693069,56373.84,1419,79,0.055673009,1299,0.915433404,82,0.057787174
5301201,2009,509,420,0.825147348,89,0.174852652,342,276,0.807017544,66,0.192982456,75276.24307,1225,63,0.051428571,1066,0.870204082,130,0.106122449
5301202,2009,454,375,0.825991189,79,0.174008811,249,193,0.775100402,56,0.224899598,74116.75177,977,64,0.065506653,830,0.849539406,124,0.12691914
5301300,2009,994,720,0.724346076,274,0.275653924,584,426,0.729452055,158,0.270547945,69076.52974,2272,215,0.094630282,1582,0.696302817,587,0.258362676
5301401,2009,836,685,0.81937799,151,0.18062201,553,444,0.802893309,109,0.197106691,76610.11139,1972,140,0.070993915,1691,0.857505071,227,0.115111562
5301402,2009,750,565,0.753333333,185,0.246666667,532,420,0.789473684,112,0.210526316,70150.07123,2004,183,0.091317365,1569,0.782934132,369,0.184131737
5301403,2009,426,325,0.762910798,101,0.237089202,252,194,0.76984127,58,0.23015873,66300.16327,925,85,0.091891892,667,0.721081081,225,0.243243243
5301404,2009,549,373,0.679417122,176,0.320582878,329,279,0.848024316,50,0.151975684,83506.67925,1223,66,0.053965658,1048,0.85690924,150,0.122649223
5301500,2009,1024,795,0.776367188,229,0.223632813,570,451,0.79122807,119,0.20877193,50985.15242,2129,154,0.072334429,1872,0.87928605,198,0.093001409
5301600,2009,928,695,0.748922414,233,0.251077586,516,416,0.80620155,100,0.19379845,55834.25532,1814,80,0.044101433,1560,0.859977949,219,0.120727674
5301701,2009,563,449,0.797513321,114,0.202486679,386,324,0.839378238,62,0.160621762,88946.24371,1326,83,0.062594268,1123,0.846907994,172,0.129713424
5301702,2009,498,402,0.807228916,96,0.192771084,311,244,0.784565916,67,0.215434084,65823.06067,1115,54,0.048430493,934,0.837668161,163,0.146188341
5301801,2009,616,490,0.795454545,126,0.204545455,296,245,0.827702703,51,0.172297297,90319.51777,1213,70,0.057708162,1021,0.841714757,168,0.138499588
5301802,2009,591,362,0.612521151,229,0.387478849,231,192,0.831168831,39,0.168831169,97755.53173,1130,37,0.032743363,880,0.778761062,237,0.209734513
5301803,2009,612,436,0.712418301,176,0.287581699,164,139,0.847560976,25,0.152439024,79617.02394,906,38,0.041942605,730,0.805739514,165,0.182119205
5301804,2009,456,311,0.682017544,145,0.317982456,193,150,0.777202073,43,0.222797927,97540.70617,900,49,0.054444444,555,0.616666667,322,0.357777778
5301805,2009,480,327,0.68125,153,0.31875,236,184,0.779661017,52,0.220338983,79293.06335,1038,96,0.092485549,682,0.657032755,328,0.315992293
5301900,2009,464,299,0.644396552,165,0.355603448,284,233,0.820422535,51,0.179577465,103555.4292,1030,44,0.042718447,690,0.669902913,319,0.309708738
5302001,2009,529,422,0.797731569,107,0.202268431,334,277,0.829341317,57,0.170658683,93668.62083,1198,65,0.054257095,955,0.797161937,223,0.186143573
5302002,2009,635,463,0.729133858,172,0.270866142,396,337,0.851010101,59,0.148989899,121643.3642,1447,73,0.050449205,1104,0.762957844,296,0.204561161
5302003,2009,526,356,0.676806084,170,0.323193916,382,348,0.910994764,34,0.089005236,140761.6976,1327,32,0.024114544,970,0.730972118,346,0.260738508
5302004,2009,502,345,0.687250996,157,0.312749004,316,262,0.829113924,54,0.170886076,82492.62185,1210,116,0.095867769,759,0.627272727,391,0.323140496
5302005,2009,466,308,0.660944206,158,0.339055794,268,192,0.71641791,76,0.28358209,66960.331,1073,129,0.120223672,702,0.654240447,321,0.29916123
5302006,2009,432,292,0.675925926,140,0.324074074,284,211,0.742957746,73,0.257042254,75576.46445,1125,138,0.122666667,725,0.644444444,360,0.32
5302007,2009,413,293,0.709443099,120,0.290556901,248,195,0.786290323,53,0.213709677,69842.65455,921,89,0.096634093,667,0.724212812,223,0.242128122
5302008,2009,525,417,0.794285714,108,0.205714286,356,280,0.786516854,76,0.213483146,75663.33072,1360,94,0.069117647,1085,0.797794118,248,0.182352941
5302009,2009,578,482,0.833910035,96,0.166089965,421,370,0.878859857,51,0.121140143,108281.967,1509,68,0.045062956,1348,0.893306826,139,0.092113983
5302101,2009,438,364,0.831050228,74,0.168949772,308,246,0.798701299,62,0.201298701,74101.18868,1158,54,0.046632124,1020,0.880829016,116,0.100172712
5302102,2009,522,458,0.877394636,64,0.122605364,408,347,0.850490196,61,0.149509804,84151.35189,1460,48,0.032876712,1346,0.921917808,101,0.069178082
5302200,2009,645,514,0.796899225,131,0.203100775,377,286,0.75862069,91,0.24137931,59317.45242,1406,85,0.060455192,1212,0.862019915,166,0.118065434
5300100,2008,845,647,0.765680473,198,0.234319527,454,369,0.81277533,85,0.230352304,61282.16575,1732,103,0.059468822,1430,0.825635104,199,0.114896074
5300200,2008,1529,1217,0.795945062,312,0.204054938,906,782,0.863134658,124,0.158567775,72767.59985,3013,167,0.055426485,2664,0.884168603,182,0.060404912
5300300,2008,1007,686,0.68123138,321,0.31876862,552,469,0.849637681,83,0.176972281,62540.81398,1940,260,0.134020619,1549,0.798453608,131,0.067525773
5300400,2008,1035,752,0.726570048,283,0.273429952,609,503,0.825944171,106,0.210735586,54096.99771,2204,330,0.149727768,1717,0.779038113,157,0.07123412
5300500,2008,898,751,0.836302895,147,0.163697105,485,360,0.742268041,125,0.347222222,56535.17034,1955,98,0.050127877,1656,0.847058824,201,0.102813299
5300601,2008,622,459,0.737942122,163,0.262057878,365,311,0.852054795,54,0.173633441,74758.40443,1358,52,0.038291605,1215,0.894698085,91,0.067010309
5300602,2008,577,508,0.880415945,69,0.119584055,381,306,0.803149606,75,0.245098039,72010.42266,1344,58,0.043154762,1213,0.902529762,73,0.054315476
5300700,2008,845,605,0.715976331,240,0.284023669,428,356,0.831775701,72,0.202247191,59678.31287,1713,130,0.075890251,1496,0.873321658,87,0.050788091
5300800,2008,881,661,0.750283768,220,0.249716232,607,488,0.803953871,119,0.243852459,71730.45499,2199,435,0.19781719,1609,0.731696226,155,0.070486585
5300901,2008,336,184,0.547619048,152,0.452380952,244,177,0.725409836,67,0.378531073,56418.55263,944,489,0.518008475,404,0.427966102,51,0.054025424
5300902,2008,441,310,0.702947846,131,0.297052154,266,191,0.718045113,75,0.392670157,57973.73048,1032,280,0.271317829,686,0.664728682,66,0.063953488
5301001,2008,590,443,0.750847458,147,0.249152542,332,244,0.734939759,88,0.360655738,65955.41744,1306,126,0.096477795,985,0.754211332,195,0.149310873
5301002,2008,612,480,0.784313725,132,0.215686275,395,320,0.810126582,75,0.234375,87478.83306,1415,91,0.064310954,1050,0.74204947,274,0.193639576
5301003,2008,459,337,0.734204793,122,0.265795207,327,279,0.853211009,48,0.172043011,94899.30385,1182,61,0.051607445,894,0.756345178,227,0.192047377
5301004,2008,500,401,0.802,99,0.198,340,290,0.852941176,50,0.172413793,78492.79775,1264,83,0.065664557,1092,0.863924051,89,0.070411392
5301005,2008,614,528,0.859934853,86,0.140065147,416,348,0.836538462,68,0.195402299,76344.98282,1496,57,0.038101604,1292,0.863636364,147,0.098262032
5301100,2008,650,542,0.833846154,108,0.166153846,410,332,0.809756098,78,0.234939759,58547.26655,1421,95,0.066854328,1244,0.875439831,82,0.057705841
5301201,2008,516,414,0.802325581,102,0.197674419,332,282,0.84939759,50,0.177304965,74719.7759,1192,75,0.062919463,967,0.811241611,150,0.125838926
5301202,2008,466,370,0.793991416,96,0.206008584,273,222,0.813186813,51,0.22972973,71465.61731,1074,79,0.073556797,836,0.77839851,159,0.148044693
5301300,2008,1003,748,0.745762712,255,0.254237288,570,410,0.719298246,160,0.390243902,69537.1777,2209,183,0.082842915,1481,0.670439113,545,0.246717972
5301401,2008,807,689,0.85377943,118,0.14622057,531,430,0.809792844,101,0.234883721,77802.64286,1911,108,0.056514914,1589,0.831501832,214,0.111983255
5301402,2008,783,625,0.798212005,158,0.201787995,531,414,0.779661017,117,0.282608696,69081.93535,1983,126,0.063540091,1417,0.714573878,440,0.221886031
5301403,2008,433,306,0.70669746,127,0.29330254,248,186,0.75,62,0.333333333,69502.38693,936,100,0.106837607,640,0.683760684,196,0.209401709
5301404,2008,559,391,0.699463327,168,0.300536673,327,288,0.880733945,39,0.135416667,84912.06161,1188,79,0.066498316,1003,0.844276094,106,0.089225589
5301500,2008,954,729,0.764150943,225,0.235849057,517,427,0.825918762,90,0.210772834,52862.75412,1896,123,0.064873418,1617,0.852848101,156,0.082278481
5301600,2008,900,668,0.742222222,232,0.257777778,487,401,0.823408624,86,0.21446384,61422.77762,1709,77,0.045055588,1458,0.853130486,174,0.101813926
5301701,2008,545,445,0.816513761,100,0.183486239,353,308,0.872521246,45,0.146103896,90093.34661,1253,50,0.03990423,1049,0.837190742,154,0.122905028
5301702,2008,523,430,0.822179732,93,0.177820268,302,229,0.758278146,73,0.318777293,60741.58246,1178,49,0.041595925,950,0.806451613,179,0.151952462
5301801,2008,615,507,0.824390244,108,0.175609756,277,233,0.841155235,44,0.188841202,89406.59014,1198,45,0.037562604,1002,0.83639399,151,0.126043406
5301802,2008,573,357,0.623036649,216,0.376963351,222,180,0.810810811,42,0.233333333,90860.46916,1137,51,0.044854881,854,0.751099384,232,0.204045734
5301803,2008,647,449,0.693972179,198,0.306027821,142,130,0.915492958,12,0.092307692,85740.0625,926,29,0.031317495,713,0.769978402,184,0.198704104
5301804,2008,442,299,0.676470588,143,0.323529412,187,142,0.759358289,45,0.316901408,97116.62211,862,54,0.062645012,495,0.57424594,313,0.363109049
5301805,2008,480,332,0.691666667,148,0.308333333,251,173,0.689243028,78,0.450867052,80940.08725,1030,49,0.047572816,609,0.591262136,372,0.361165049
5301900,2008,467,300,0.642398287,167,0.357601713,285,252,0.884210526,33,0.130952381,115557.2966,1056,47,0.044507576,716,0.678030303,293,0.277462121
5302001,2008,531,402,0.757062147,129,0.242937853,310,259,0.835483871,51,0.196911197,94277.27823,1242,58,0.046698873,938,0.755233494,246,0.198067633
5302002,2008,640,452,0.70625,188,0.29375,400,346,0.865,54,0.156069364,125562.3756,1474,44,0.029850746,1153,0.782225237,277,0.187924016
5302003,2008,521,386,0.740882917,135,0.259117083,383,343,0.895561358,40,0.116618076,147394.0916,1363,44,0.032281731,1017,0.746148202,302,0.221570066
5302004,2008,494,343,0.694331984,151,0.305668016,300,241,0.803333333,59,0.244813278,80268.0276,1120,84,0.075,663,0.591964286,373,0.333035714
5302005,2008,457,300,0.656455142,157,0.343544858,269,183,0.680297398,86,0.469945355,64890.34988,1053,179,0.169990503,614,0.583095916,260,0.24691358
5302006,2008,440,308,0.7,132,0.3,298,229,0.768456376,69,0.301310044,76394.33412,1100,145,0.131818182,649,0.59,306,0.278181818
5302007,2008,441,307,0.696145125,134,0.303854875,265,206,0.777358491,59,0.286407767,80056.60891,1007,104,0.103277061,648,0.643495531,255,0.253227408
5302008,2008,535,426,0.796261682,109,0.203738318,372,299,0.803763441,73,0.244147157,76635.32745,1377,115,0.083514887,1047,0.760348584,215,0.156136529
5302009,2008,558,472,0.845878136,86,0.154121864,422,370,0.876777251,52,0.140540541,117691.7022,1431,47,0.032844165,1244,0.869322152,140,0.097833683
5302101,2008,452,388,0.85840708,64,0.14159292,333,273,0.81981982,60,0.21978022,76131.73182,1175,73,0.06212766,1000,0.85106383,102,0.086808511
5302102,2008,493,418,0.847870183,75,0.152129817,380,334,0.878947368,46,0.137724551,85730.90717,1383,69,0.04989154,1224,0.885032538,90,0.065075922
5302200,2008,637,504,0.791208791,133,0.208791209,362,264,0.729281768,98,0.371212121,59570.73569,1405,105,0.074733096,1125,0.800711744,175,0.12455516
5300100,2007,848,646,0.761792453,202,0.238207547,464,396,0.853448276,68,0.146551724,61459.79973,1787,56,0.031337437,1590,0.889759373,179,0.100167879
5300200,2007,1532,1180,0.770234987,352,0.229765013,923,798,0.864572048,125,0.135427952,70795.89962,3109,173,0.055644902,2798,0.899967835,215,0.069154069
5300300,2007,998,720,0.721442886,278,0.278557114,561,462,0.823529412,99,0.176470588,54375.97433,2016,288,0.142857143,1807,0.896329365,93,0.046130952
5300400,2007,1056,783,0.741477273,273,0.258522727,652,520,0.797546012,132,0.202453988,49786.74229,2222,350,0.157515752,1884,0.847884788,160,0.072007201
5300500,2007,932,773,0.829399142,159,0.170600858,484,352,0.727272727,132,0.272727273,51358.44351,1937,75,0.03871967,1730,0.893133712,171,0.088280847
5300601,2007,580,442,0.762068966,138,0.237931034,363,306,0.842975207,57,0.157024793,70663.53053,1306,38,0.029096478,1186,0.908116386,102,0.078101072
5300602,2007,574,505,0.879790941,69,0.120209059,381,305,0.800524934,76,0.199475066,64988.82033,1326,30,0.022624434,1254,0.945701357,62,0.046757164
5300700,2007,832,582,0.699519231,250,0.300480769,411,340,0.827250608,71,0.172749392,53105.27387,1631,123,0.075413857,1489,0.912936849,78,0.047823421
5300800,2007,868,617,0.710829493,251,0.289170507,573,459,0.80104712,114,0.19895288,69614.58643,2136,454,0.212546816,1755,0.821629213,103,0.048220974
5300901,2007,332,187,0.563253012,145,0.436746988,246,188,0.764227642,58,0.235772358,46985.6634,934,436,0.466809422,696,0.745182013,91,0.097430407
5300902,2007,413,294,0.711864407,119,0.288135593,255,196,0.768627451,59,0.231372549,60332.74531,975,275,0.282051282,707,0.725128205,61,0.062564103
5301001,2007,595,396,0.665546218,199,0.334453782,315,228,0.723809524,87,0.276190476,64413.22631,1316,99,0.075227964,998,0.758358663,265,0.201367781
5301002,2007,601,455,0.757071547,146,0.242928453,390,320,0.820512821,70,0.179487179,80685.22603,1418,76,0.053596615,1091,0.769393512,297,0.209449929
5301003,2007,457,364,0.796498906,93,0.203501094,344,300,0.872093023,44,0.127906977,102176.3506,1189,65,0.054667788,971,0.816652649,206,0.173254836
5301004,2007,492,395,0.802845528,97,0.197154472,329,259,0.787234043,70,0.212765957,78166.11617,1231,63,0.051177904,1116,0.906580016,86,0.069861901
5301005,2007,594,490,0.824915825,104,0.175084175,402,326,0.810945274,76,0.189054726,69754.69964,1483,95,0.064059339,1246,0.840188806,179,0.120701281
5301100,2007,658,551,0.837386018,107,0.162613982,408,328,0.803921569,80,0.196078431,54892.75798,1391,84,0.06038821,1279,0.919482387,62,0.04457225
5301201,2007,478,377,0.788702929,101,0.211297071,324,280,0.864197531,44,0.135802469,73617.85023,1115,59,0.052914798,959,0.860089686,124,0.111210762
5301202,2007,451,365,0.809312639,86,0.190687361,272,222,0.816176471,50,0.183823529,71838.51185,1012,67,0.066205534,837,0.827075099,144,0.14229249
5301300,2007,943,711,0.75397667,232,0.24602333,540,392,0.725925926,148,0.274074074,69034.92486,2182,149,0.068285976,1544,0.707607699,564,0.25847846
5301401,2007,792,682,0.861111111,110,0.138888889,540,434,0.803703704,106,0.196296296,78117.6273,1989,127,0.063851181,1739,0.874308698,207,0.104072398
5301402,2007,747,585,0.78313253,162,0.21686747,531,427,0.804143126,104,0.195856874,75462.20487,1940,154,0.079381443,1570,0.809278351,291,0.15
5301403,2007,426,301,0.70657277,125,0.29342723,245,170,0.693877551,75,0.306122449,64604.33075,914,91,0.099562363,687,0.751641138,188,0.205689278
5301404,2007,547,383,0.700182815,164,0.299817185,333,282,0.846846847,51,0.153153153,85205.31368,1181,53,0.044877223,1040,0.880609653,111,0.093988146
5301500,2007,907,715,0.78831312,192,0.21168688,527,418,0.79316888,109,0.20683112,53818.4489,1866,93,0.049839228,1690,0.9056806,133,0.071275456
5301600,2007,882,646,0.732426304,236,0.267573696,454,383,0.843612335,71,0.156387665,54700.26352,1638,65,0.03968254,1459,0.890720391,156,0.095238095
5301701,2007,571,431,0.754816112,140,0.245183888,395,344,0.870886076,51,0.129113924,85069.59223,1344,27,0.020089286,1134,0.84375,197,0.146577381
5301702,2007,485,386,0.795876289,99,0.204123711,287,232,0.808362369,55,0.191637631,62020.75909,1059,46,0.043437205,911,0.860245515,130,0.122757318
5301801,2007,593,468,0.78920742,125,0.21079258,265,220,0.830188679,45,0.169811321,81901.01975,1141,54,0.047326906,954,0.836108677,158,0.138475022
5301802,2007,551,368,0.667876588,183,0.332123412,233,195,0.836909871,38,0.163090129,93246.1153,1053,47,0.044634378,833,0.791073124,196,0.186134853
5301803,2007,612,418,0.683006536,194,0.316993464,138,117,0.847826087,21,0.152173913,78108.56863,879,54,0.061433447,682,0.775881684,171,0.194539249
5301804,2007,428,298,0.696261682,130,0.303738318,180,128,0.711111111,52,0.288888889,90939.30667,862,68,0.078886311,515,0.597447796,303,0.351508121
5301805,2007,471,322,0.683651805,149,0.316348195,227,171,0.753303965,56,0.246696035,77922.50943,953,37,0.038824764,629,0.660020986,315,0.330535152
5301900,2007,479,306,0.638830898,173,0.361169102,309,258,0.834951456,51,0.165048544,102157.2338,1091,69,0.06324473,759,0.695692026,300,0.274977085
5302001,2007,551,426,0.773139746,125,0.226860254,345,289,0.837681159,56,0.162318841,92062.78764,1229,77,0.062652563,1015,0.825874695,190,0.154597234
5302002,2007,633,444,0.701421801,189,0.298578199,383,323,0.843342037,60,0.156657963,123034.4825,1425,76,0.053333333,1181,0.82877193,232,0.162807018
5302003,2007,477,356,0.746331237,121,0.253668763,359,318,0.885793872,41,0.114206128,140305.4498,1299,61,0.046959199,1031,0.793687452,261,0.200923788
5302004,2007,430,317,0.737209302,113,0.262790698,267,215,0.805243446,52,0.194756554,74962.84466,1028,72,0.070038911,656,0.638132296,322,0.313229572
5302005,2007,446,299,0.670403587,147,0.329596413,246,182,0.739837398,64,0.260162602,62486.7494,931,125,0.134264232,643,0.690655209,234,0.251342642
5302006,2007,430,317,0.737209302,113,0.262790698,271,213,0.78597786,58,0.21402214,75242.41262,1038,76,0.073217726,706,0.680154143,289,0.278420039
5302007,2007,441,291,0.659863946,150,0.340136054,281,205,0.729537367,76,0.270462633,75204.5175,1036,131,0.126447876,700,0.675675676,272,0.262548263
5302008,2007,540,432,0.8,108,0.2,362,286,0.790055249,76,0.209944751,74439.25338,1373,90,0.065549891,1107,0.806263656,228,0.166059723
5302009,2007,579,476,0.822107081,103,0.177892919,433,370,0.854503464,63,0.145496536,103633.3157,1522,66,0.043363995,1374,0.902759527,119,0.078186597
5302101,2007,439,373,0.849658314,66,0.150341686,312,253,0.810897436,59,0.189102564,70204.14153,1086,58,0.053406998,957,0.88121547,100,0.092081031
5302102,2007,520,442,0.85,78,0.15,402,347,0.86318408,55,0.13681592,83075.88129,1477,39,0.026404875,1398,0.946513202,77,0.052132701
5302200,2007,620,486,0.783870968,134,0.216129032,346,260,0.751445087,86,0.248554913,61866.46609,1344,100,0.074404762,1079,0.802827381,201,0.149553571
5300100,2006,788,607,0.770304569,181,0.229695431,441,367,0.832199546,74,0.167800454,57265.69679,1695,81,0.047787611,1421,0.838348083,193,0.113864307
5300200,2006,1491,1185,0.794768612,306,0.205231388,851,699,0.821386604,152,0.178613396,67640.87916,2946,143,0.048540394,2640,0.896130346,163,0.05532926
5300300,2006,1016,718,0.706692913,298,0.293307087,572,462,0.807692308,110,0.192307692,54236.7657,2070,286,0.138164251,1680,0.811594203,104,0.050241546
5300400,2006,1076,780,0.724907063,296,0.275092937,666,538,0.807807808,128,0.192192192,48145.60855,2369,362,0.152807092,1846,0.779231743,161,0.067961165
5300500,2006,932,761,0.816523605,171,0.183476395,475,357,0.751578947,118,0.248421053,50979.11164,1903,55,0.028901734,1656,0.87020494,192,0.100893326
5300601,2006,609,439,0.720853859,170,0.279146141,353,294,0.83286119,59,0.16713881,63322.21237,1360,45,0.033088235,1221,0.897794118,94,0.069117647
5300602,2006,538,477,0.8866171,61,0.1133829,361,284,0.786703601,77,0.213296399,61149.90595,1278,29,0.022691706,1189,0.930359937,60,0.046948357
5300700,2006,800,580,0.725,220,0.275,423,362,0.855791962,61,0.144208038,51851.72162,1608,128,0.07960199,1383,0.860074627,97,0.060323383
5300800,2006,816,588,0.720588235,228,0.279411765,542,438,0.808118081,104,0.191881919,67043.70674,2077,504,0.242657679,1434,0.690418873,139,0.066923447
5300901,2006,325,188,0.578461538,137,0.421538462,222,170,0.765765766,52,0.234234234,48936.66221,926,439,0.474082073,372,0.401727862,115,0.124190065
5300902,2006,468,316,0.675213675,152,0.324786325,277,219,0.790613718,58,0.209386282,54509.61728,1084,309,0.285055351,701,0.646678967,74,0.068265683
5301001,2006,557,423,0.759425494,134,0.240574506,312,227,0.727564103,85,0.272435897,58227.19582,1262,150,0.118858954,920,0.729001585,192,0.152139461
5301002,2006,634,497,0.783911672,137,0.216088328,392,318,0.81122449,74,0.18877551,77136.84272,1459,76,0.052090473,1102,0.755311857,281,0.19259767
5301003,2006,409,330,0.806845966,79,0.193154034,305,269,0.881967213,36,0.118032787,90755.76543,1098,45,0.040983607,886,0.806921676,167,0.152094718
5301004,2006,481,379,0.787941788,102,0.212058212,306,257,0.839869281,49,0.160130719,73800.9378,1210,64,0.052892562,1079,0.891735537,67,0.055371901
5301005,2006,585,485,0.829059829,100,0.170940171,396,325,0.820707071,71,0.179292929,66660.99091,1407,58,0.041222459,1174,0.834399431,175,0.124378109
5301100,2006,678,569,0.839233038,109,0.160766962,430,333,0.774418605,97,0.225581395,54917.90894,1516,68,0.044854881,1360,0.897097625,88,0.058047493
5301201,2006,456,379,0.831140351,77,0.168859649,313,258,0.82428115,55,0.17571885,68881.33647,1102,48,0.043557169,946,0.858439201,108,0.09800363
5301202,2006,433,353,0.815242494,80,0.184757506,262,205,0.782442748,57,0.217557252,65401.00244,991,59,0.059535822,799,0.806256307,133,0.134207871
5301300,2006,1003,724,0.721834497,279,0.278165503,554,409,0.738267148,145,0.261732852,62623.789,2217,172,0.077582318,1522,0.686513306,523,0.235904375
5301401,2006,780,671,0.86025641,109,0.13974359,528,421,0.797348485,107,0.202651515,72145.73867,1863,88,0.047235641,1612,0.865271068,163,0.08749329
5301402,2006,753,612,0.812749004,141,0.187250996,529,417,0.788279773,112,0.211720227,66621.95537,1901,87,0.045765387,1473,0.774855339,341,0.179379274
5301403,2006,408,312,0.764705882,96,0.235294118,216,162,0.75,54,0.25,61551.05707,815,62,0.07607362,548,0.672392638,205,0.251533742
5301404,2006,523,381,0.728489484,142,0.271510516,328,275,0.838414634,53,0.161585366,80938.5881,1172,58,0.049488055,1008,0.860068259,106,0.090443686
5301500,2006,907,706,0.778390298,201,0.221609702,525,416,0.792380952,109,0.207619048,51094.64607,1860,111,0.059677419,1628,0.875268817,121,0.065053763
5301600,2006,859,638,0.742724098,221,0.257275902,483,395,0.817805383,88,0.182194617,56806.1728,1699,61,0.035903473,1451,0.854031783,187,0.110064744
5301701,2006,543,448,0.825046041,95,0.174953959,355,309,0.870422535,46,0.129577465,79572.93145,1234,40,0.032414911,1017,0.824149109,177,0.143435981
5301702,2006,498,416,0.835341365,82,0.164658635,308,249,0.808441558,59,0.191558442,56428.28145,1115,54,0.048430493,887,0.795515695,174,0.156053812
5301801,2006,568,449,0.790492958,119,0.209507042,251,199,0.792828685,52,0.207171315,76951.138,1071,48,0.044817927,861,0.803921569,162,0.151260504
5301802,2006,535,330,0.61682243,205,0.38317757,216,183,0.847222222,33,0.152777778,84694.80778,1032,37,0.035852713,775,0.750968992,220,0.213178295
5301803,2006,600,406,0.676666667,194,0.323333333,137,112,0.817518248,25,0.182481752,75465.46029,830,30,0.036144578,641,0.772289157,159,0.191566265
5301804,2006,436,299,0.685779817,137,0.314220183,187,140,0.748663102,47,0.251336898,88917.05168,890,66,0.074157303,499,0.560674157,325,0.365168539
5301805,2006,446,295,0.661434978,151,0.338565022,237,177,0.746835443,60,0.253164557,72204.87931,960,60,0.0625,570,0.59375,330,0.34375
5301900,2006,460,304,0.660869565,156,0.339130435,280,245,0.875,35,0.125,95174.76975,1027,47,0.045764362,708,0.689386563,272,0.264849075
5302001,2006,526,413,0.785171103,113,0.214828897,327,263,0.804281346,64,0.195718654,87934.33936,1179,47,0.039864292,947,0.80322307,185,0.156912638
5302002,2006,629,458,0.728139905,171,0.271860095,359,304,0.846796657,55,0.153203343,109342.6632,1353,66,0.048780488,1050,0.776053215,237,0.175166297
5302003,2006,491,360,0.733197556,131,0.266802444,363,331,0.91184573,32,0.08815427,132140.0823,1300,35,0.026923077,1004,0.772307692,261,0.200769231
5302004,2006,441,315,0.714285714,126,0.285714286,271,214,0.789667897,57,0.210332103,69196.2654,1019,80,0.078508342,585,0.574092247,354,0.347399411
5302005,2006,439,305,0.69476082,134,0.30523918,257,192,0.747081712,65,0.252918288,58448.74757,977,153,0.156601842,601,0.615148414,223,0.228249744
5302006,2006,412,298,0.723300971,114,0.276699029,273,210,0.769230769,63,0.230769231,65059.74874,1046,110,0.105162524,682,0.652007648,254,0.242829828
5302007,2006,433,306,0.70669746,127,0.29330254,269,201,0.747211896,68,0.252788104,68452.95939,984,66,0.067073171,628,0.638211382,290,0.294715447
5302008,2006,507,406,0.800788955,101,0.199211045,341,258,0.75659824,83,0.24340176,68529.45267,1261,77,0.061062649,989,0.784298176,195,0.154639175
5302009,2006,554,460,0.83032491,94,0.16967509,414,366,0.884057971,48,0.115942029,107627.1806,1476,62,0.04200542,1290,0.87398374,124,0.08401084
5302101,2006,413,339,0.820823245,74,0.179176755,305,250,0.819672131,55,0.180327869,70764.85213,1064,58,0.054511278,905,0.85056391,101,0.094924812
5302102,2006,515,450,0.873786408,65,0.126213592,390,320,0.820512821,70,0.179487179,78215.94661,1407,43,0.030561478,1294,0.919687278,70,0.049751244
5302200,2006,630,500,0.793650794,130,0.206349206,354,267,0.754237288,87,0.245762712,60640.51536,1411,129,0.091424522,1133,0.802976612,149,0.105598866
5300100,2005,738,607,0.822493225,131,0.177506775,415,375,0.903614458,40,0.096385542,60685.59452,1633,87,0.053276179,1378,0.843845683,168,0.102878138
5300200,2005,1401,1142,0.815132049,259,0.184867951,838,740,0.883054893,98,0.116945107,65016.49363,2938,152,0.051735875,2585,0.879850238,201,0.068413887
5300300,2005,921,701,0.761129207,220,0.238870793,522,448,0.858237548,74,0.141762452,51111.55831,1971,259,0.131405378,1602,0.812785388,110,0.055809234
5300400,2005,991,754,0.760847629,237,0.239152371,585,527,0.900854701,58,0.099145299,46848.86239,2139,320,0.149602618,1692,0.791023843,127,0.059373539
5300500,2005,847,748,0.883116883,99,0.116883117,417,349,0.836930456,68,0.163069544,50612.23515,1851,76,0.041058887,1587,0.857374392,188,0.101566721
5300601,2005,477,433,0.907756813,44,0.092243187,332,306,0.921686747,26,0.078313253,62078.53004,1194,31,0.025963149,1091,0.913735343,72,0.060301508
5300602,2005,527,474,0.89943074,53,0.10056926,317,285,0.899053628,32,0.100946372,57288.51357,1243,40,0.032180209,1131,0.909895414,72,0.057924377
5300700,2005,652,542,0.831288344,110,0.168711656,355,315,0.887323944,40,0.112676056,48826.42553,1401,117,0.083511777,1234,0.880799429,50,0.035688794
5300800,2005,762,599,0.786089239,163,0.213910761,509,435,0.854616896,74,0.145383104,62874.16005,1948,370,0.189938398,1435,0.736652977,143,0.073408624
5300901,2005,306,177,0.578431373,129,0.421568627,224,180,0.803571429,44,0.196428571,47172.82069,897,429,0.47826087,377,0.420289855,91,0.101449275
5300902,2005,420,329,0.783333333,91,0.216666667,261,215,0.823754789,46,0.176245211,47683.6348,1023,266,0.26001955,705,0.68914956,52,0.05083089
5301001,2005,517,406,0.785299807,111,0.214700193,272,222,0.816176471,50,0.183823529,54819.42629,1223,94,0.07686018,960,0.784955029,169,0.138184791
5301002,2005,617,480,0.777957861,137,0.222042139,370,330,0.891891892,40,0.108108108,77254.70364,1417,63,0.044460127,1096,0.773465067,258,0.182074806
5301003,2005,397,327,0.823677582,70,0.176322418,276,246,0.891304348,30,0.108695652,84254.14721,1059,39,0.036827195,860,0.812086874,160,0.15108593
5301004,2005,442,380,0.859728507,62,0.140271493,326,288,0.883435583,38,0.116564417,68391.33647,1223,88,0.071954211,1056,0.863450531,79,0.064595258
5301005,2005,567,500,0.881834215,67,0.118165785,370,320,0.864864865,50,0.135135135,61748.25865,1404,50,0.035612536,1266,0.901709402,88,0.062678063
5301100,2005,627,556,0.88676236,71,0.11323764,371,327,0.881401617,44,0.118598383,49482.73109,1459,65,0.044551062,1321,0.905414668,73,0.05003427
5301201,2005,421,374,0.888361045,47,0.111638955,291,269,0.924398625,22,0.075601375,72142.78832,1031,40,0.038797284,879,0.85257032,112,0.108632396
5301202,2005,428,351,0.820093458,77,0.179906542,221,197,0.891402715,24,0.108597285,62619.07246,947,53,0.055966209,754,0.796198522,140,0.147835269
5301300,2005,926,721,0.778617711,205,0.221382289,462,400,0.865800866,62,0.134199134,59894.36659,2144,169,0.078824627,1443,0.673041045,532,0.248134328
5301401,2005,754,660,0.875331565,94,0.124668435,462,398,0.861471861,64,0.138528139,64873.93758,1804,117,0.064855876,1561,0.865299335,126,0.069844789
5301402,2005,701,596,0.85021398,105,0.14978602,468,388,0.829059829,80,0.170940171,63335.26239,1867,136,0.072844135,1460,0.782003214,271,0.145152651
5301403,2005,398,324,0.814070352,74,0.185929648,209,187,0.894736842,22,0.105263158,60948.16839,868,79,0.091013825,606,0.698156682,183,0.210829493
5301404,2005,412,340,0.825242718,72,0.174757282,281,253,0.900355872,28,0.099644128,73233.51979,1035,53,0.051207729,884,0.85410628,98,0.09468599
5301500,2005,888,745,0.838963964,143,0.161036036,509,445,0.874263261,64,0.125736739,47581.63342,1921,102,0.053097345,1682,0.875585632,137,0.071317022
5301600,2005,797,661,0.8293601,136,0.1706399,452,414,0.915929204,38,0.084070796,53350.33102,1642,42,0.025578563,1459,0.888550548,141,0.085870889
5301701,2005,516,429,0.831395349,87,0.168604651,333,313,0.93993994,20,0.06006006,76033.43912,1268,53,0.041798107,1059,0.835173502,156,0.123028391
5301702,2005,500,420,0.84,80,0.16,293,245,0.836177474,48,0.163822526,56474.79749,1159,50,0.043140638,933,0.805004314,176,0.151855047
5301801,2005,556,469,0.84352518,87,0.15647482,211,191,0.90521327,20,0.09478673,70343.10313,1085,25,0.023041475,920,0.847926267,140,0.129032258
5301802,2005,444,347,0.781531532,97,0.218468468,198,180,0.909090909,18,0.090909091,72170.63908,923,30,0.032502709,717,0.776814735,176,0.190682557
5301803,2005,523,413,0.789674952,110,0.210325048,136,120,0.882352941,16,0.117647059,70391.94422,776,41,0.052835052,608,0.783505155,127,0.163659794
5301804,2005,389,291,0.748071979,98,0.251928021,152,128,0.842105263,24,0.157894737,83463.60267,812,57,0.070197044,462,0.568965517,293,0.360837438
5301805,2005,436,315,0.722477064,121,0.277522936,223,173,0.775784753,50,0.224215247,69923.90521,960,78,0.08125,570,0.59375,312,0.325
5301900,2005,458,321,0.700873362,137,0.299126638,278,258,0.928057554,20,0.071942446,92635.81655,1047,53,0.050620821,700,0.668576886,294,0.280802292
5302001,2005,508,408,0.803149606,100,0.196850394,301,275,0.913621262,26,0.086378738,78245.06827,1186,61,0.05143339,945,0.796795953,180,0.151770658
5302002,2005,610,463,0.759016393,147,0.240983607,361,313,0.867036011,48,0.132963989,108211.0034,1359,74,0.054451803,1062,0.781456954,223,0.164091244
5302003,2005,454,334,0.735682819,120,0.264317181,312,292,0.935897436,20,0.064102564,125085.4376,1176,31,0.026360544,893,0.759353741,252,0.214285714
5302004,2005,427,315,0.737704918,112,0.262295082,258,220,0.852713178,38,0.147286822,68709.33174,1014,71,0.070019724,663,0.653846154,280,0.276134122
5302005,2005,437,321,0.734553776,116,0.265446224,219,177,0.808219178,42,0.191780822,54868.20913,968,108,0.111570248,619,0.63946281,241,0.248966942
5302006,2005,423,316,0.747044917,107,0.252955083,257,221,0.859922179,36,0.140077821,65807.63017,1091,75,0.068744271,734,0.672777269,282,0.25847846
5302007,2005,395,287,0.726582278,108,0.273417722,231,197,0.852813853,34,0.147186147,68254.48421,933,51,0.054662379,658,0.705251876,224,0.240085745
5302008,2005,492,404,0.821138211,88,0.178861789,323,291,0.900928793,32,0.099071207,69548.55785,1260,94,0.074603175,1017,0.807142857,149,0.118253968
5302009,2005,522,456,0.873563218,66,0.126436782,380,346,0.910526316,34,0.089473684,103787.1008,1423,33,0.023190443,1283,0.901616304,107,0.075193254
5302101,2005,408,339,0.830882353,69,0.169117647,275,247,0.898181818,28,0.101818182,69900.1608,1078,58,0.05380334,919,0.852504638,101,0.093692022
5302102,2005,497,427,0.85915493,70,0.14084507,383,349,0.911227154,34,0.088772846,75423.93388,1400,63,0.045,1265,0.903571429,72,0.051428571
5302200,2005,588,493,0.838435374,95,0.161564626,290,266,0.917241379,24,0.082758621,53280.80174,1320,104,0.078787879,1074,0.813636364,142,0.107575758
