"GEOID","Year","Units","WASL","HSPE","SBA","LIHTC_Units","PUB_Units","Test_Level","Treated","Treatment","Control","Pre_Treat","Post_Treatment"
5300001,2002,0,1,0,0,0,0,1.785,0,0,0,1,0
5300001,2003,0,1,0,0,0,0,1.88,0,0,0,1,0
5300001,2004,0,1,0,0,0,0,2.31,0,0,0,1,0
5300001,2005,0,1,0,0,0,0,2.38,0,0,0,1,0
5300001,2006,0,1,0,0,0,0,2.18,0,0,0,1,0
5300001,2007,0,1,0,0,0,0,2.25,0,0,0,1,0
5300001,2008,42,1,0,0,42,0,2.39,1,1,0,0,0
5300001,2009,0,0,1,0,0,0,2.54,1,0,0,0,1
5300001,2010,0,0,1,0,0,0,2.59,1,0,0,0,1
5300001,2011,0,0,1,0,0,0,2.81,1,0,0,0,1
5300001,2012,0,0,1,0,0,0,2.67,1,0,0,0,1
5300001,2013,0,0,1,0,0,0,2.96,1,0,0,0,1
5300001,2014,0,0,1,0,0,0,0,1,0,0,0,1
5300001,2015,0,0,0,1,0,0,2.61,1,0,0,0,1
5300002,2002,0,1,0,0,0,0,1.5,0,0,1,0,0
5300002,2003,0,1,0,0,0,0,1.36,0,0,1,0,0
5300002,2004,0,1,0,0,0,0,1.52,0,0,1,0,0
5300002,2005,0,1,0,0,0,0,2.15,0,0,1,0,0
5300002,2006,0,1,0,0,0,0,1.5,0,0,1,0,0
5300002,2007,0,1,0,0,0,0,2.5,0,0,1,0,0
5300002,2008,0,1,0,0,0,0,1.76,0,0,1,0,0
5300002,2009,0,0,1,0,0,0,1.92,0,0,1,0,0
5300002,2010,0,0,1,0,0,0,1.71,0,0,1,0,0
5300002,2011,0,0,1,0,0,0,1.31,0,0,1,0,0
5300002,2012,0,0,1,0,0,0,1.29,0,0,1,0,0
5300002,2013,0,0,1,0,0,0,0,0,0,1,0,0
5300002,2014,0,0,1,0,0,0,1.69,0,0,1,0,0
5300002,2015,0,0,0,1,0,0,2.06,0,0,1,0,0
5300060,2002,0,1,0,0,0,0,1.58,0,0,1,0,0
5300060,2003,0,1,0,0,0,0,2.15,0,0,1,0,0
5300060,2004,0,1,0,0,0,0,2.17,0,0,1,0,0
5300060,2005,0,1,0,0,0,0,2.12,0,0,1,0,0
5300060,2006,0,1,0,0,0,0,2.15,0,0,1,0,0
5300060,2007,0,1,0,0,0,0,2.57,0,0,1,0,0
5300060,2008,0,1,0,0,0,0,2.05,0,0,1,0,0
5300060,2009,0,0,1,0,0,0,2.32,0,0,1,0,0
5300060,2010,0,0,1,0,0,0,2.27,0,0,1,0,0
5300060,2011,0,0,1,0,0,0,2.64,0,0,1,0,0
5300060,2012,0,0,1,0,0,0,2.34,0,0,1,0,0
5300060,2013,0,0,1,0,0,0,2.5,0,0,1,0,0
5300060,2014,0,0,1,0,0,0,2.4,0,0,1,0,0
5300060,2015,0,0,0,1,0,0,2.42,0,0,1,0,0
5300240,2002,0,1,0,0,0,0,0,0,0,1,0,0
5300240,2003,0,1,0,0,0,0,1.97,0,0,1,0,0
5300240,2004,0,1,0,0,0,0,2.23,0,0,1,0,0
5300240,2005,0,1,0,0,0,0,2.43,0,0,1,0,0
5300240,2006,0,1,0,0,0,0,2.4,0,0,1,0,0
5300240,2007,0,1,0,0,0,0,2.49,0,0,1,0,0
5300240,2008,0,1,0,0,0,0,2.48,0,0,1,0,0
5300240,2009,0,0,1,0,0,0,2.52,0,0,1,0,0
5300240,2010,0,0,1,0,0,0,2.56,0,0,1,0,0
5300240,2011,0,0,1,0,0,0,2.48,0,0,1,0,0
5300240,2012,0,0,1,0,0,0,2.88,0,0,1,0,0
5300240,2013,0,0,1,0,0,0,2.75,0,0,1,0,0
5300240,2014,0,0,1,0,0,0,1.49,0,0,1,0,0
5300240,2015,0,0,0,1,0,0,2.46,0,0,1,0,0
5300330,2002,0,1,0,0,0,0,2.83,0,0,0,1,0
5300330,2003,0,1,0,0,0,0,3,0,0,0,1,0
5300330,2004,0,1,0,0,0,0,3.03,0,0,0,1,0
5300330,2005,0,1,0,0,0,0,3.26,0,0,0,1,0
5300330,2006,0,1,0,0,0,0,3.22,0,0,0,1,0
5300330,2007,0,1,0,0,0,0,3.29,0,0,0,1,0
5300330,2008,48,1,0,0,48,0,3.18,1,1,0,0,0
5300330,2009,0,0,1,0,0,0,3.3,1,0,0,0,1
5300330,2010,0,0,1,0,0,0,3.31,1,0,0,0,1
5300330,2011,0,0,1,0,0,0,3.24,1,0,0,0,1
5300330,2012,0,0,1,0,0,0,3.19,1,0,0,0,1
5300330,2013,0,0,1,0,0,0,3.42,1,0,0,0,1
5300330,2014,0,0,1,0,0,0,3.38,1,0,0,0,1
5300330,2015,0,0,0,1,0,0,2.85,1,0,0,0,1
5300570,2002,0,1,0,0,0,0,2.37,0,0,0,1,0
5300570,2003,0,1,0,0,0,0,2.41,0,0,0,1,0
5300570,2004,0,1,0,0,0,0,3.14,0,0,0,1,0
5300570,2005,0,1,0,0,0,0,2.67,0,0,0,1,0
5300570,2006,0,1,0,0,0,0,2.49,0,0,0,1,0
5300570,2007,0,1,0,0,0,0,2.39,0,0,0,1,0
5300570,2008,0,1,0,0,0,0,2.56,0,0,0,1,0
5300570,2009,0,0,1,0,0,0,2.6,0,0,0,1,0
5300570,2010,0,0,1,0,0,0,2.76,0,0,0,1,0
5300570,2011,0,0,1,0,0,0,2.83,0,0,0,1,0
5300570,2012,0,0,1,0,0,0,2.8,0,0,0,1,0
5300570,2013,0,0,1,0,0,0,2.87,0,0,0,1,0
5300570,2014,121,0,1,0,121,0,2.6,1,1,0,0,0
5300570,2015,0,0,0,1,0,0,2.48,1,0,0,0,1
5300720,2002,0,1,0,0,0,0,1.6,0,0,1,0,0
5300720,2003,0,1,0,0,0,0,1.36,0,0,1,0,0
5300720,2004,0,1,0,0,0,0,1.53,0,0,1,0,0
5300720,2005,0,1,0,0,0,0,1.71,0,0,1,0,0
5300720,2006,0,1,0,0,0,0,1.8,0,0,1,0,0
5300720,2007,0,1,0,0,0,0,1.97,0,0,1,0,0
5300720,2008,0,1,0,0,0,0,1.9,0,0,1,0,0
5300720,2009,0,0,1,0,0,0,1.79,0,0,1,0,0
5300720,2010,0,0,1,0,0,0,2.05,0,0,1,0,0
5300720,2011,0,0,1,0,0,0,2.33,0,0,1,0,0
5300720,2012,0,0,1,0,0,0,2.45,0,0,1,0,0
5300720,2013,0,0,1,0,0,0,2.5,0,0,1,0,0
5300720,2014,0,0,1,0,0,0,1.74,0,0,1,0,0
5300720,2015,0,0,0,1,0,0,2.04,0,0,1,0,0
5300840,2002,0,1,0,0,0,0,1.28,0,0,1,0,0
5300840,2003,0,1,0,0,0,0,1.52,0,0,1,0,0
5300840,2004,0,1,0,0,0,0,1.83,0,0,1,0,0
5300840,2005,0,1,0,0,0,0,1.9,0,0,1,0,0
5300840,2006,0,1,0,0,0,0,1.8,0,0,1,0,0
5300840,2007,0,1,0,0,0,0,2.51,0,0,1,0,0
5300840,2008,0,1,0,0,0,0,1.86,0,0,1,0,0
5300840,2009,0,0,1,0,0,0,1.78,0,0,1,0,0
5300840,2010,0,0,1,0,0,0,2.55,0,0,1,0,0
5300840,2011,0,0,1,0,0,0,2.08,0,0,1,0,0
5300840,2012,0,0,1,0,0,0,2.12,0,0,1,0,0
5300840,2013,0,0,1,0,0,0,2.44,0,0,1,0,0
5300840,2014,0,0,1,0,0,0,2.24,0,0,1,0,0
5300840,2015,0,0,0,1,0,0,2.28,0,0,1,0,0
5300950,2002,0,1,0,0,0,0,1.92,0,0,1,0,0
5300950,2003,0,1,0,0,0,0,2.18,0,0,1,0,0
5300950,2004,0,1,0,0,0,0,2.49,0,0,1,0,0
5300950,2005,0,1,0,0,0,0,2.79,0,0,1,0,0
5300950,2006,0,1,0,0,0,0,2.6,0,0,1,0,0
5300950,2007,0,1,0,0,0,0,2.86,0,0,1,0,0
5300950,2008,0,1,0,0,0,0,2.83,0,0,1,0,0
5300950,2009,0,0,1,0,0,0,3.01,0,0,1,0,0
5300950,2010,0,0,1,0,0,0,2.85,0,0,1,0,0
5300950,2011,0,0,1,0,0,0,3.02,0,0,1,0,0
5300950,2012,0,0,1,0,0,0,3.1,0,0,1,0,0
5300950,2013,0,0,1,0,0,0,2.94,0,0,1,0,0
5300950,2014,0,0,1,0,0,0,2.7,0,0,1,0,0
5300950,2015,0,0,0,1,0,0,2.79,0,0,1,0,0
5300960,2002,0,1,0,0,0,0,1.86,0,0,1,0,0
5300960,2003,0,1,0,0,0,0,1.61,0,0,1,0,0
5300960,2004,0,1,0,0,0,0,2.3,0,0,1,0,0
5300960,2005,0,1,0,0,0,0,2.25,0,0,1,0,0
5300960,2006,0,1,0,0,0,0,2.28,0,0,1,0,0
5300960,2007,0,1,0,0,0,0,2.64,0,0,1,0,0
5300960,2008,0,1,0,0,0,0,2.39,0,0,1,0,0
5300960,2009,0,0,1,0,0,0,2.44,0,0,1,0,0
5300960,2010,0,0,1,0,0,0,2.66,0,0,1,0,0
5300960,2011,0,0,1,0,0,0,2.61,0,0,1,0,0
5300960,2012,0,0,1,0,0,0,2.87,0,0,1,0,0
5300960,2013,0,0,1,0,0,0,2.79,0,0,1,0,0
5300960,2014,0,0,1,0,0,0,2.69,0,0,1,0,0
5300960,2015,0,0,0,1,0,0,2.52,0,0,1,0,0
5300990,2002,0,1,0,0,0,0,1.26,0,0,1,0,0
5300990,2003,0,1,0,0,0,0,1.88,0,0,1,0,0
5300990,2004,0,1,0,0,0,0,2.3,0,0,1,0,0
5300990,2005,0,1,0,0,0,0,2.28,0,0,1,0,0
5300990,2006,0,1,0,0,0,0,2.26,0,0,1,0,0
5300990,2007,0,1,0,0,0,0,2.31,0,0,1,0,0
5300990,2008,0,1,0,0,0,0,2,0,0,1,0,0
5300990,2009,0,0,1,0,0,0,2.14,0,0,1,0,0
5300990,2010,0,0,1,0,0,0,2.58,0,0,1,0,0
5300990,2011,0,0,1,0,0,0,2.35,0,0,1,0,0
5300990,2012,0,0,1,0,0,0,2.31,0,0,1,0,0
5300990,2013,0,0,1,0,0,0,2.08,0,0,1,0,0
5300990,2014,0,0,1,0,0,0,2.35,0,0,1,0,0
5300990,2015,0,0,0,1,0,0,2.08,0,0,1,0,0
5301260,2002,0,1,0,0,0,0,0,0,0,1,0,0
5301260,2003,0,1,0,0,0,0,2.05,0,0,1,0,0
5301260,2004,0,1,0,0,0,0,2.07,0,0,1,0,0
5301260,2005,0,1,0,0,0,0,2.18,0,0,1,0,0
5301260,2006,0,1,0,0,0,0,1.97,0,0,1,0,0
5301260,2007,0,1,0,0,0,0,2.33,0,0,1,0,0
5301260,2008,0,1,0,0,0,0,2.45,0,0,1,0,0
5301260,2009,0,0,1,0,0,0,2.45,0,0,1,0,0
5301260,2010,0,0,1,0,0,0,2.75,0,0,1,0,0
5301260,2011,0,0,1,0,0,0,2.77,0,0,1,0,0
5301260,2012,0,0,1,0,0,0,2.78,0,0,1,0,0
5301260,2013,0,0,1,0,0,0,2.91,0,0,1,0,0
5301260,2014,0,0,1,0,0,0,2.54,0,0,1,0,0
5301260,2015,0,0,0,1,0,0,2.56,0,0,1,0,0
5301290,2002,0,1,0,0,0,0,0,0,0,0,1,0
5301290,2003,0,1,0,0,0,0,2.48,0,0,0,1,0
5301290,2004,0,1,0,0,0,0,1.97,0,0,0,1,0
5301290,2005,0,1,0,0,0,0,2.33,0,0,0,1,0
5301290,2006,0,1,0,0,0,0,2.12,0,0,0,1,0
5301290,2007,0,1,0,0,0,0,2.21,0,0,0,1,0
5301290,2008,0,1,0,0,0,0,2.23,0,0,0,1,0
5301290,2009,0,0,1,0,0,0,2.35,0,0,0,1,0
5301290,2010,0,0,1,0,0,0,2.13,0,0,0,1,0
5301290,2011,39,0,1,0,39,0,2.04,1,1,0,0,0
5301290,2012,0,0,1,0,0,0,2.56,1,0,0,0,1
5301290,2013,0,0,1,0,0,0,2.42,1,0,0,0,1
5301290,2014,0,0,1,0,0,0,2.31,1,0,0,0,1
5301290,2015,0,0,0,1,0,0,2.1,1,0,0,0,1
5301320,2002,0,1,0,0,0,0,1.46,0,0,1,0,0
5301320,2003,0,1,0,0,0,0,1.86,0,0,1,0,0
5301320,2004,0,1,0,0,0,0,2.36,0,0,1,0,0
5301320,2005,0,1,0,0,0,0,2.32,0,0,1,0,0
5301320,2006,0,1,0,0,0,0,2.33,0,0,1,0,0
5301320,2007,0,1,0,0,0,0,2.35,0,0,1,0,0
5301320,2008,0,1,0,0,0,0,2.35,0,0,1,0,0
5301320,2009,0,0,1,0,0,0,2.35,0,0,1,0,0
5301320,2010,0,0,1,0,0,0,2.32,0,0,1,0,0
5301320,2011,0,0,1,0,0,0,2.43,0,0,1,0,0
5301320,2012,0,0,1,0,0,0,2.72,0,0,1,0,0
5301320,2013,0,0,1,0,0,0,2.48,0,0,1,0,0
5301320,2014,0,0,1,0,0,0,2.36,0,0,1,0,0
5301320,2015,0,0,0,1,0,0,2.23,0,0,1,0,0
5301440,2002,0,1,0,0,0,0,1.92,0,0,1,0,0
5301440,2003,0,1,0,0,0,0,2.29,0,0,1,0,0
5301440,2004,0,1,0,0,0,0,2.5,0,0,1,0,0
5301440,2005,0,1,0,0,0,0,2.27,0,0,1,0,0
5301440,2006,0,1,0,0,0,0,2.13,0,0,1,0,0
5301440,2007,0,1,0,0,0,0,2.34,0,0,1,0,0
5301440,2008,0,1,0,0,0,0,2.57,0,0,1,0,0
5301440,2009,0,0,1,0,0,0,2.99,0,0,1,0,0
5301440,2010,0,0,1,0,0,0,3.07,0,0,1,0,0
5301440,2011,0,0,1,0,0,0,2.66,0,0,1,0,0
5301440,2012,0,0,1,0,0,0,2.42,0,0,1,0,0
5301440,2013,0,0,1,0,0,0,2.81,0,0,1,0,0
5301440,2014,0,0,1,0,0,0,2.93,0,0,1,0,0
5301440,2015,0,0,0,1,0,0,2.33,0,0,1,0,0
5301500,2002,0,1,0,0,0,0,2.43,0,0,1,0,0
5301500,2003,0,1,0,0,0,0,2.5,0,0,1,0,0
5301500,2004,0,1,0,0,0,0,2.36,0,0,1,0,0
5301500,2005,0,1,0,0,0,0,2.83,0,0,1,0,0
5301500,2006,0,1,0,0,0,0,2.08,0,0,1,0,0
5301500,2007,0,1,0,0,0,0,0,0,0,1,0,0
5301500,2008,0,1,0,0,0,0,2.64,0,0,1,0,0
5301500,2009,0,0,1,0,0,0,2.42,0,0,1,0,0
5301500,2010,0,0,1,0,0,0,2.52,0,0,1,0,0
5301500,2011,0,0,1,0,0,0,0,0,0,1,0,0
5301500,2012,0,0,1,0,0,0,2.71,0,0,1,0,0
5301500,2013,0,0,1,0,0,0,2.9,0,0,1,0,0
5301500,2014,0,0,1,0,0,0,2.93,0,0,1,0,0
5301500,2015,0,0,0,1,0,0,1.85,0,0,1,0,0
5301660,2002,0,1,0,0,0,0,0,0,0,1,0,0
5301660,2003,0,1,0,0,0,0,1.65,0,0,1,0,0
5301660,2004,0,1,0,0,0,0,1.69,0,0,1,0,0
5301660,2005,0,1,0,0,0,0,1.99,0,0,1,0,0
5301660,2006,0,1,0,0,0,0,1.77,0,0,1,0,0
5301660,2007,0,1,0,0,0,0,2.06,0,0,1,0,0
5301660,2008,0,1,0,0,0,0,1.94,0,0,1,0,0
5301660,2009,0,0,1,0,0,0,2.33,0,0,1,0,0
5301660,2010,0,0,1,0,0,0,2.1,0,0,1,0,0
5301660,2011,0,0,1,0,0,0,2.36,0,0,1,0,0
5301660,2012,0,0,1,0,0,0,2.29,0,0,1,0,0
5301660,2013,0,0,1,0,0,0,2.42,0,0,1,0,0
5301660,2014,0,0,1,0,0,0,0,0,0,1,0,0
5301660,2015,0,0,0,1,0,0,2.11,0,0,1,0,0
5301680,2002,0,1,0,0,0,0,2.42,0,0,1,0,0
5301680,2003,0,1,0,0,0,0,2.65,0,0,1,0,0
5301680,2004,0,1,0,0,0,0,2.87,0,0,1,0,0
5301680,2005,0,1,0,0,0,0,2.61,0,0,1,0,0
5301680,2006,0,1,0,0,0,0,2.7,0,0,1,0,0
5301680,2007,0,1,0,0,0,0,2.89,0,0,1,0,0
5301680,2008,0,1,0,0,0,0,2.72,0,0,1,0,0
5301680,2009,0,0,1,0,0,0,3.02,0,0,1,0,0
5301680,2010,0,0,1,0,0,0,2.71,0,0,1,0,0
5301680,2011,0,0,1,0,0,0,2.74,0,0,1,0,0
5301680,2012,0,0,1,0,0,0,2.89,0,0,1,0,0
5301680,2013,0,0,1,0,0,0,3.21,0,0,1,0,0
5301680,2014,0,0,1,0,0,0,2.75,0,0,1,0,0
5301680,2015,0,0,0,1,0,0,2.86,0,0,1,0,0
5301830,2002,0,1,0,0,0,0,1.6,0,0,1,0,0
5301830,2003,0,1,0,0,0,0,1.89,0,0,1,0,0
5301830,2004,0,1,0,0,0,0,0,0,0,1,0,0
5301830,2005,0,1,0,0,0,0,0,0,0,1,0,0
5301830,2006,0,1,0,0,0,0,2.12,0,0,1,0,0
5301830,2007,0,1,0,0,0,0,2.49,0,0,1,0,0
5301830,2008,0,1,0,0,0,0,2.15,0,0,1,0,0
5301830,2009,0,0,1,0,0,0,2.36,0,0,1,0,0
5301830,2010,0,0,1,0,0,0,2.45,0,0,1,0,0
5301830,2011,0,0,1,0,0,0,0,0,0,1,0,0
5301830,2012,0,0,1,0,0,0,1.81,0,0,1,0,0
5301830,2013,0,0,1,0,0,0,0,0,0,1,0,0
5301830,2014,0,0,1,0,0,0,1.8,0,0,1,0,0
5301830,2015,0,0,0,1,0,0,0,0,0,1,0,0
5301890,2002,0,1,0,0,0,0,1.94,0,0,1,0,0
5301890,2003,0,1,0,0,0,0,1.63,0,0,1,0,0
5301890,2004,0,1,0,0,0,0,2.05,0,0,1,0,0
5301890,2005,0,1,0,0,0,0,1.9,0,0,1,0,0
5301890,2006,0,1,0,0,0,0,2.04,0,0,1,0,0
5301890,2007,0,1,0,0,0,0,2.52,0,0,1,0,0
5301890,2008,0,1,0,0,0,0,1.94,0,0,1,0,0
5301890,2009,0,0,1,0,0,0,2.9,0,0,1,0,0
5301890,2010,0,0,1,0,0,0,2.15,0,0,1,0,0
5301890,2011,0,0,1,0,0,0,2.73,0,0,1,0,0
5301890,2012,0,0,1,0,0,0,1.72,0,0,1,0,0
5301890,2013,0,0,1,0,0,0,2.16,0,0,1,0,0
5301890,2014,0,0,1,0,0,0,2.64,0,0,1,0,0
5301890,2015,0,0,0,1,0,0,2.91,0,0,1,0,0
5301980,2002,0,1,0,0,0,0,1.8,0,0,1,0,0
5301980,2003,0,1,0,0,0,0,1.83,0,0,1,0,0
5301980,2004,0,1,0,0,0,0,2.05,0,0,1,0,0
5301980,2005,0,1,0,0,0,0,2.11,0,0,1,0,0
5301980,2006,0,1,0,0,0,0,2.18,0,0,1,0,0
5301980,2007,0,1,0,0,0,0,2.04,0,0,1,0,0
5301980,2008,0,1,0,0,0,0,1.82,0,0,1,0,0
5301980,2009,0,0,1,0,0,0,2.23,0,0,1,0,0
5301980,2010,0,0,1,0,0,0,2.6,0,0,1,0,0
5301980,2011,0,0,1,0,0,0,2.58,0,0,1,0,0
5301980,2012,0,0,1,0,0,0,2.17,0,0,1,0,0
5301980,2013,0,0,1,0,0,0,1.93,0,0,1,0,0
5301980,2014,0,0,1,0,0,0,2.48,0,0,1,0,0
5301980,2015,0,0,0,1,0,0,1.69,0,0,1,0,0
5302010,2002,0,1,0,0,0,0,1.93,0,0,0,1,0
5302010,2003,0,1,0,0,0,0,1.76,0,0,0,1,0
5302010,2004,0,1,0,0,0,0,1.93,0,0,0,1,0
5302010,2005,0,1,0,0,0,0,2.33,0,0,0,1,0
5302010,2006,0,1,0,0,0,0,2.41,0,0,0,1,0
5302010,2007,0,1,0,0,0,0,2.16,0,0,0,1,0
5302010,2008,15,1,0,0,15,0,2.31,1,1,0,0,0
5302010,2009,0,0,1,0,0,0,2.23,1,0,0,0,1
5302010,2010,0,0,1,0,0,0,2.09,1,0,0,0,1
5302010,2011,0,0,1,0,0,0,2.84,1,0,0,0,1
5302010,2012,0,0,1,0,0,0,2.27,1,0,0,0,1
5302010,2013,0,0,1,0,0,0,2.5,1,0,0,0,1
5302010,2014,0,0,1,0,0,0,2.38,1,0,0,0,1
5302010,2015,0,0,0,1,0,0,2.61,1,0,0,0,1
5302040,2002,0,1,0,0,0,0,1.88,0,0,1,0,0
5302040,2003,0,1,0,0,0,0,1.92,0,0,1,0,0
5302040,2004,0,1,0,0,0,0,2.21,0,0,1,0,0
5302040,2005,0,1,0,0,0,0,2.2,0,0,1,0,0
5302040,2006,0,1,0,0,0,0,1.92,0,0,1,0,0
5302040,2007,0,1,0,0,0,0,2.88,0,0,1,0,0
5302040,2008,0,1,0,0,0,0,2.34,0,0,1,0,0
5302040,2009,0,0,1,0,0,0,2.52,0,0,1,0,0
5302040,2010,0,0,1,0,0,0,2.32,0,0,1,0,0
5302040,2011,0,0,1,0,0,0,2.15,0,0,1,0,0
5302040,2012,0,0,1,0,0,0,2.47,0,0,1,0,0
5302040,2013,0,0,1,0,0,0,2.22,0,0,1,0,0
5302040,2014,0,0,1,0,0,0,2.43,0,0,1,0,0
5302040,2015,0,0,0,1,0,0,2.05,0,0,1,0,0
5302070,2002,0,1,0,0,0,0,2,0,0,1,0,0
5302070,2003,0,1,0,0,0,0,2.23,0,0,1,0,0
5302070,2004,0,1,0,0,0,0,2.19,0,0,1,0,0
5302070,2005,0,1,0,0,0,0,2.16,0,0,1,0,0
5302070,2006,0,1,0,0,0,0,2.49,0,0,1,0,0
5302070,2007,0,1,0,0,0,0,2.58,0,0,1,0,0
5302070,2008,0,1,0,0,0,0,2.5,0,0,1,0,0
5302070,2009,0,0,1,0,0,0,2.29,0,0,1,0,0
5302070,2010,0,0,1,0,0,0,2.5,0,0,1,0,0
5302070,2011,0,0,1,0,0,0,2.35,0,0,1,0,0
5302070,2012,0,0,1,0,0,0,2.66,0,0,1,0,0
5302070,2013,0,0,1,0,0,0,2.96,0,0,1,0,0
5302070,2014,0,0,1,0,0,0,2.34,0,0,1,0,0
5302070,2015,0,0,0,1,0,0,2.03,0,0,1,0,0
5302310,2002,0,1,0,0,0,0,1.87,0,0,0,1,0
5302310,2003,0,1,0,0,0,0,2.01,0,0,0,1,0
5302310,2004,0,1,0,0,0,0,2.27,0,0,0,1,0
5302310,2005,0,1,0,0,0,0,2.38,0,0,0,1,0
5302310,2006,0,1,0,0,0,0,2.48,0,0,0,1,0
5302310,2007,26,1,0,0,26,0,2.45,1,1,0,0,0
5302310,2008,0,1,0,0,0,0,2.46,1,0,0,0,1
5302310,2009,0,0,1,0,0,0,2.57,1,0,0,0,1
5302310,2010,0,0,1,0,0,0,2.47,1,0,0,0,1
5302310,2011,0,0,1,0,0,0,2.61,1,0,0,0,1
5302310,2012,0,0,1,0,0,0,2.69,1,0,0,0,1
5302310,2013,0,0,1,0,0,0,2.78,1,0,0,0,1
5302310,2014,0,0,1,0,0,0,2.66,1,0,0,0,1
5302310,2015,0,0,0,1,0,0,2.47,1,0,0,0,1
5302460,2002,0,1,0,0,0,0,2.04,0,0,0,1,0
5302460,2003,0,1,0,0,0,0,2.17,0,0,0,1,0
5302460,2004,0,1,0,0,0,0,2.49,0,0,0,1,0
5302460,2005,0,1,0,0,0,0,2.48,0,0,0,1,0
5302460,2006,0,1,0,0,0,0,2.41,0,0,0,1,0
5302460,2007,0,1,0,0,0,0,2.65,0,0,0,1,0
5302460,2008,168,1,0,0,168,0,2.32,1,1,0,0,0
5302460,2009,0,0,1,0,0,0,2.67,1,0,0,0,1
5302460,2010,0,0,1,0,0,0,2.54,1,0,0,0,1
5302460,2011,95,0,1,0,95,0,2.67,1,1,0,0,0
5302460,2012,0,0,1,0,0,0,2.48,1,0,0,0,1
5302460,2013,0,0,1,0,0,0,2.68,1,0,0,0,1
5302460,2014,0,0,1,0,0,0,2.58,1,0,0,0,1
5302460,2015,0,0,0,1,0,0,1.76,1,0,0,0,1
5302520,2002,0,1,0,0,0,0,2.1,0,0,1,0,0
5302520,2003,0,1,0,0,0,0,2.36,0,0,1,0,0
5302520,2004,0,1,0,0,0,0,2.34,0,0,1,0,0
5302520,2005,0,1,0,0,0,0,2.65,0,0,1,0,0
5302520,2006,0,1,0,0,0,0,2.52,0,0,1,0,0
5302520,2007,0,1,0,0,0,0,1.9,0,0,1,0,0
5302520,2008,0,1,0,0,0,0,2.08,0,0,1,0,0
5302520,2009,0,0,1,0,0,0,2.83,0,0,1,0,0
5302520,2010,0,0,1,0,0,0,2.09,0,0,1,0,0
5302520,2011,0,0,1,0,0,0,2.86,0,0,1,0,0
5302520,2012,0,0,1,0,0,0,3.33,0,0,1,0,0
5302520,2013,0,0,1,0,0,0,3.08,0,0,1,0,0
5302520,2014,0,0,1,0,0,0,2.43,0,0,1,0,0
5302520,2015,0,0,0,1,0,0,2.48,0,0,1,0,0
5302910,2002,0,1,0,0,0,0,1.58,0,0,1,0,0
5302910,2003,0,1,0,0,0,0,1.67,0,0,1,0,0
5302910,2004,0,1,0,0,0,0,1.88,0,0,1,0,0
5302910,2005,0,1,0,0,0,0,2.07,0,0,1,0,0
5302910,2006,0,1,0,0,0,0,2.21,0,0,1,0,0
5302910,2007,0,1,0,0,0,0,2.33,0,0,1,0,0
5302910,2008,0,1,0,0,0,0,1.84,0,0,1,0,0
5302910,2009,0,0,1,0,0,0,1.87,0,0,1,0,0
5302910,2010,0,0,1,0,0,0,1.95,0,0,1,0,0
5302910,2011,0,0,1,0,0,0,2.15,0,0,1,0,0
5302910,2012,0,0,1,0,0,0,1.95,0,0,1,0,0
5302910,2013,0,0,1,0,0,0,2.11,0,0,1,0,0
5302910,2014,0,0,1,0,0,0,1.57,0,0,1,0,0
5302910,2015,0,0,0,1,0,0,1.94,0,0,1,0,0
5303090,2002,0,1,0,0,0,0,1.49,0,0,1,0,0
5303090,2003,0,1,0,0,0,0,2.36,0,0,1,0,0
5303090,2004,0,1,0,0,0,0,2.57,0,0,1,0,0
5303090,2005,0,1,0,0,0,0,2.73,0,0,1,0,0
5303090,2006,0,1,0,0,0,0,2.7,0,0,1,0,0
5303090,2007,0,1,0,0,0,0,2.73,0,0,1,0,0
5303090,2008,0,1,0,0,0,0,2.6,0,0,1,0,0
5303090,2009,0,0,1,0,0,0,2.72,0,0,1,0,0
5303090,2010,0,0,1,0,0,0,2.14,0,0,1,0,0
5303090,2011,0,0,1,0,0,0,2.57,0,0,1,0,0
5303090,2012,0,0,1,0,0,0,2.43,0,0,1,0,0
5303090,2013,0,0,1,0,0,0,2.53,0,0,1,0,0
5303090,2014,0,0,1,0,0,0,2.54,0,0,1,0,0
5303090,2015,0,0,0,1,0,0,2.27,0,0,1,0,0
5303130,2002,0,1,0,0,0,0,1.41,0,0,1,0,0
5303130,2003,0,1,0,0,0,0,1.51,0,0,1,0,0
5303130,2004,0,1,0,0,0,0,1.64,0,0,1,0,0
5303130,2005,0,1,0,0,0,0,2.08,0,0,1,0,0
5303130,2006,0,1,0,0,0,0,1.69,0,0,1,0,0
5303130,2007,0,1,0,0,0,0,2.34,0,0,1,0,0
5303130,2008,0,1,0,0,0,0,2.15,0,0,1,0,0
5303130,2009,0,0,1,0,0,0,1.84,0,0,1,0,0
5303130,2010,0,0,1,0,0,0,1.85,0,0,1,0,0
5303130,2011,0,0,1,0,0,0,2.09,0,0,1,0,0
5303130,2012,0,0,1,0,0,0,2.26,0,0,1,0,0
5303130,2013,0,0,1,0,0,0,2.24,0,0,1,0,0
5303130,2014,0,0,1,0,0,0,2.03,0,0,1,0,0
5303130,2015,0,0,0,1,0,0,1.69,0,0,1,0,0
5303180,2002,0,1,0,0,0,0,0,0,0,1,0,0
5303180,2003,0,1,0,0,0,0,1.32,0,0,1,0,0
5303180,2004,0,1,0,0,0,0,1.34,0,0,1,0,0
5303180,2005,0,1,0,0,0,0,1.52,0,0,1,0,0
5303180,2006,0,1,0,0,0,0,1.73,0,0,1,0,0
5303180,2007,0,1,0,0,0,0,1.76,0,0,1,0,0
5303180,2008,0,1,0,0,0,0,1.86,0,0,1,0,0
5303180,2009,0,0,1,0,0,0,1.67,0,0,1,0,0
5303180,2010,0,0,1,0,0,0,1.62,0,0,1,0,0
5303180,2011,0,0,1,0,0,0,1.6,0,0,1,0,0
5303180,2012,0,0,1,0,0,0,1.97,0,0,1,0,0
5303180,2013,0,0,1,0,0,0,2.16,0,0,1,0,0
5303180,2014,0,0,1,0,0,0,1.84,0,0,1,0,0
5303180,2015,0,0,0,1,0,0,1.72,0,0,1,0,0
5303210,2002,0,1,0,0,0,0,1.75,0,0,0,1,0
5303210,2003,0,1,0,0,0,0,1.81,0,0,0,1,0
5303210,2004,0,1,0,0,0,0,2.2,0,0,0,1,0
5303210,2005,0,1,0,0,0,0,2.2,0,0,0,1,0
5303210,2006,0,1,0,0,0,0,2.34,0,0,0,1,0
5303210,2007,0,1,0,0,0,0,2.52,0,0,0,1,0
5303210,2008,0,1,0,0,0,0,2.3,0,0,0,1,0
5303210,2009,20,0,1,0,20,0,2.25,1,1,0,0,0
5303210,2010,0,0,1,0,0,0,2.33,1,0,0,0,1
5303210,2011,0,0,1,0,0,0,2.47,1,0,0,0,1
5303210,2012,0,0,1,0,0,0,2.28,1,0,0,0,1
5303210,2013,0,0,1,0,0,0,2.57,1,0,0,0,1
5303210,2014,0,0,1,0,0,0,2.21,1,0,0,0,1
5303210,2015,0,0,0,1,0,0,2.13,1,0,0,0,1
5303240,2002,0,1,0,0,0,0,2.26,0,0,1,0,0
5303240,2003,0,1,0,0,0,0,1.85,0,0,1,0,0
5303240,2004,0,1,0,0,0,0,2.17,0,0,1,0,0
5303240,2005,0,1,0,0,0,0,2.1,0,0,1,0,0
5303240,2006,0,1,0,0,0,0,2.58,0,0,1,0,0
5303240,2007,0,1,0,0,0,0,2.43,0,0,1,0,0
5303240,2008,0,1,0,0,0,0,2.25,0,0,1,0,0
5303240,2009,0,0,1,0,0,0,2.17,0,0,1,0,0
5303240,2010,0,0,1,0,0,0,2.91,0,0,1,0,0
5303240,2011,0,0,1,0,0,0,2.14,0,0,1,0,0
5303240,2012,0,0,1,0,0,0,2.2,0,0,1,0,0
5303240,2013,0,0,1,0,0,0,2.78,0,0,1,0,0
5303240,2014,0,0,1,0,0,0,2.66,0,0,1,0,0
5303240,2015,0,0,0,1,0,0,2.55,0,0,1,0,0
5303300,2002,0,1,0,0,0,0,1.57,0,0,1,0,0
5303300,2003,0,1,0,0,0,0,2.47,0,0,1,0,0
5303300,2004,0,1,0,0,0,0,0,0,0,1,0,0
5303300,2005,0,1,0,0,0,0,2.19,0,0,1,0,0
5303300,2006,0,1,0,0,0,0,0,0,0,1,0,0
5303300,2007,0,1,0,0,0,0,2.81,0,0,1,0,0
5303300,2008,0,1,0,0,0,0,0,0,0,1,0,0
5303300,2009,0,0,1,0,0,0,2.99,0,0,1,0,0
5303300,2010,0,0,1,0,0,0,0,0,0,1,0,0
5303300,2011,0,0,1,0,0,0,3.3,0,0,1,0,0
5303300,2012,0,0,1,0,0,0,2.68,0,0,1,0,0
5303300,2013,0,0,1,0,0,0,3.38,0,0,1,0,0
5303300,2014,0,0,1,0,0,0,2.49,0,0,1,0,0
5303300,2015,0,0,0,1,0,0,2.73,0,0,1,0,0
5303510,2002,0,1,0,0,0,0,1.59,0,0,1,0,0
5303510,2003,0,1,0,0,0,0,1.68,0,0,1,0,0
5303510,2004,0,1,0,0,0,0,2.12,0,0,1,0,0
5303510,2005,0,1,0,0,0,0,2.24,0,0,1,0,0
5303510,2006,0,1,0,0,0,0,2.03,0,0,1,0,0
5303510,2007,0,1,0,0,0,0,2.23,0,0,1,0,0
5303510,2008,0,1,0,0,0,0,2.08,0,0,1,0,0
5303510,2009,0,0,1,0,0,0,2.3,0,0,1,0,0
5303510,2010,0,0,1,0,0,0,2.19,0,0,1,0,0
5303510,2011,0,0,1,0,0,0,2.32,0,0,1,0,0
5303510,2012,0,0,1,0,0,0,2.6,0,0,1,0,0
5303510,2013,0,0,1,0,0,0,2.47,0,0,1,0,0
5303510,2014,0,0,1,0,0,0,2.31,0,0,1,0,0
5303510,2015,0,0,0,1,0,0,2.04,0,0,1,0,0
5303600,2002,0,1,0,0,0,0,1.71,0,0,1,0,0
5303600,2003,0,1,0,0,0,0,1.87,0,0,1,0,0
5303600,2004,0,1,0,0,0,0,1.83,0,0,1,0,0
5303600,2005,0,1,0,0,0,0,2.56,0,0,1,0,0
5303600,2006,0,1,0,0,0,0,1.91,0,0,1,0,0
5303600,2007,0,1,0,0,0,0,2.28,0,0,1,0,0
5303600,2008,0,1,0,0,0,0,1.52,0,0,1,0,0
5303600,2009,0,0,1,0,0,0,1.64,0,0,1,0,0
5303600,2010,0,0,1,0,0,0,1.84,0,0,1,0,0
5303600,2011,0,0,1,0,0,0,1.63,0,0,1,0,0
5303600,2012,0,0,1,0,0,0,1.8,0,0,1,0,0
5303600,2013,0,0,1,0,0,0,2.48,0,0,1,0,0
5303600,2014,0,0,1,0,0,0,1.68,0,0,1,0,0
5303600,2015,0,0,0,1,0,0,2.03,0,0,1,0,0
5303660,2002,0,1,0,0,0,0,1.8,0,0,1,0,0
5303660,2003,0,1,0,0,0,0,2.11,0,0,1,0,0
5303660,2004,0,1,0,0,0,0,2.12,0,0,1,0,0
5303660,2005,0,1,0,0,0,0,2.21,0,0,1,0,0
5303660,2006,0,1,0,0,0,0,1.92,0,0,1,0,0
5303660,2007,0,1,0,0,0,0,2.19,0,0,1,0,0
5303660,2008,0,1,0,0,0,0,2.11,0,0,1,0,0
5303660,2009,0,0,1,0,0,0,2.16,0,0,1,0,0
5303660,2010,0,0,1,0,0,0,2,0,0,1,0,0
5303660,2011,0,0,1,0,0,0,1.88,0,0,1,0,0
5303660,2012,0,0,1,0,0,0,2.26,0,0,1,0,0
5303660,2013,0,0,1,0,0,0,2.14,0,0,1,0,0
5303660,2014,0,0,1,0,0,0,2.13,0,0,1,0,0
5303660,2015,0,0,0,1,0,0,1.81,0,0,1,0,0
5303810,2002,0,1,0,0,0,0,1.88,0,0,1,0,0
5303810,2003,0,1,0,0,0,0,2.22,0,0,1,0,0
5303810,2004,0,1,0,0,0,0,2.6,0,0,1,0,0
5303810,2005,0,1,0,0,0,0,2.37,0,0,1,0,0
5303810,2006,0,1,0,0,0,0,2.33,0,0,1,0,0
5303810,2007,0,1,0,0,0,0,2.25,0,0,1,0,0
5303810,2008,0,1,0,0,0,0,2.39,0,0,1,0,0
5303810,2009,0,0,1,0,0,0,1.94,0,0,1,0,0
5303810,2010,0,0,1,0,0,0,2.64,0,0,1,0,0
5303810,2011,0,0,1,0,0,0,2.78,0,0,1,0,0
5303810,2012,0,0,1,0,0,0,2.3,0,0,1,0,0
5303810,2013,0,0,1,0,0,0,2.64,0,0,1,0,0
5303810,2014,0,0,1,0,0,0,2.59,0,0,1,0,0
5303810,2015,0,0,0,1,0,0,2.24,0,0,1,0,0
5303990,2002,0,1,0,0,0,0,1.9,0,0,1,0,0
5303990,2003,0,1,0,0,0,0,2.13,0,0,1,0,0
5303990,2004,0,1,0,0,0,0,2.26,0,0,1,0,0
5303990,2005,0,1,0,0,0,0,2.31,0,0,1,0,0
5303990,2006,0,1,0,0,0,0,2.28,0,0,1,0,0
5303990,2007,0,1,0,0,0,0,2.27,0,0,1,0,0
5303990,2008,0,1,0,0,0,0,2.12,0,0,1,0,0
5303990,2009,0,0,1,0,0,0,2.11,0,0,1,0,0
5303990,2010,0,0,1,0,0,0,2.13,0,0,1,0,0
5303990,2011,0,0,1,0,0,0,2.08,0,0,1,0,0
5303990,2012,0,0,1,0,0,0,1.88,0,0,1,0,0
5303990,2013,0,0,1,0,0,0,2.28,0,0,1,0,0
5303990,2014,0,0,1,0,0,0,2.61,0,0,1,0,0
5303990,2015,0,0,0,1,0,0,2.2,0,0,1,0,0
5304110,2002,0,1,0,0,0,0,1.82,0,0,1,0,0
5304110,2003,0,1,0,0,0,0,2.37,0,0,1,0,0
5304110,2004,0,1,0,0,0,0,1.93,0,0,1,0,0
5304110,2005,0,1,0,0,0,0,2.66,0,0,1,0,0
5304110,2006,0,1,0,0,0,0,2.4,0,0,1,0,0
5304110,2007,0,1,0,0,0,0,2.52,0,0,1,0,0
5304110,2008,0,1,0,0,0,0,2.47,0,0,1,0,0
5304110,2009,0,0,1,0,0,0,2.64,0,0,1,0,0
5304110,2010,0,0,1,0,0,0,2.45,0,0,1,0,0
5304110,2011,0,0,1,0,0,0,2.7,0,0,1,0,0
5304110,2012,0,0,1,0,0,0,2.69,0,0,1,0,0
5304110,2013,0,0,1,0,0,0,2.6,0,0,1,0,0
5304110,2014,0,0,1,0,0,0,2.5,0,0,1,0,0
5304110,2015,0,0,0,1,0,0,1.95,0,0,1,0,0
5304170,2002,0,1,0,0,0,0,1.75,0,0,1,0,0
5304170,2003,0,1,0,0,0,0,1.9,0,0,1,0,0
5304170,2004,0,1,0,0,0,0,2.3,0,0,1,0,0
5304170,2005,0,1,0,0,0,0,2.37,0,0,1,0,0
5304170,2006,0,1,0,0,0,0,2.49,0,0,1,0,0
5304170,2007,0,1,0,0,0,0,2.4,0,0,1,0,0
5304170,2008,0,1,0,0,0,0,2.43,0,0,1,0,0
5304170,2009,0,0,1,0,0,0,2.58,0,0,1,0,0
5304170,2010,0,0,1,0,0,0,2.65,0,0,1,0,0
5304170,2011,0,0,1,0,0,0,2.59,0,0,1,0,0
5304170,2012,0,0,1,0,0,0,2.48,0,0,1,0,0
5304170,2013,0,0,1,0,0,0,2.9,0,0,1,0,0
5304170,2014,0,0,1,0,0,0,2.58,0,0,1,0,0
5304170,2015,0,0,0,1,0,0,2.57,0,0,1,0,0
5304260,2002,0,1,0,0,0,0,1.7,0,0,1,0,0
5304260,2003,0,1,0,0,0,0,2.02,0,0,1,0,0
5304260,2004,0,1,0,0,0,0,2.39,0,0,1,0,0
5304260,2005,0,1,0,0,0,0,2.42,0,0,1,0,0
5304260,2006,0,1,0,0,0,0,2.62,0,0,1,0,0
5304260,2007,0,1,0,0,0,0,2.61,0,0,1,0,0
5304260,2008,0,1,0,0,0,0,2.4,0,0,1,0,0
5304260,2009,0,0,1,0,0,0,2.38,0,0,1,0,0
5304260,2010,0,0,1,0,0,0,2.56,0,0,1,0,0
5304260,2011,0,0,1,0,0,0,2.27,0,0,1,0,0
5304260,2012,0,0,1,0,0,0,2.35,0,0,1,0,0
5304260,2013,0,0,1,0,0,0,2.61,0,0,1,0,0
5304260,2014,0,0,1,0,0,0,2.28,0,0,1,0,0
5304260,2015,0,0,0,1,0,0,2.35,0,0,1,0,0
5304380,2002,0,1,0,0,0,0,1.88,0,0,1,0,0
5304380,2003,0,1,0,0,0,0,2.14,0,0,1,0,0
5304380,2004,0,1,0,0,0,0,2.31,0,0,1,0,0
5304380,2005,0,1,0,0,0,0,2.37,0,0,1,0,0
5304380,2006,0,1,0,0,0,0,2.47,0,0,1,0,0
5304380,2007,0,1,0,0,0,0,2.56,0,0,1,0,0
5304380,2008,0,1,0,0,0,0,2.08,0,0,1,0,0
5304380,2009,0,0,1,0,0,0,2.65,0,0,1,0,0
5304380,2010,0,0,1,0,0,0,2.12,0,0,1,0,0
5304380,2011,0,0,1,0,0,0,2.57,0,0,1,0,0
5304380,2012,0,0,1,0,0,0,2.96,0,0,1,0,0
5304380,2013,0,0,1,0,0,0,2.68,0,0,1,0,0
5304380,2014,0,0,1,0,0,0,2.57,0,0,1,0,0
5304380,2015,0,0,0,1,0,0,2.59,0,0,1,0,0
5304560,2002,0,1,0,0,0,0,0,0,0,1,0,0
5304560,2003,0,1,0,0,0,0,2.4,0,0,1,0,0
5304560,2004,0,1,0,0,0,0,2.59,0,0,1,0,0
5304560,2005,0,1,0,0,0,0,2.56,0,0,1,0,0
5304560,2006,0,1,0,0,0,0,2.69,0,0,1,0,0
5304560,2007,0,1,0,0,0,0,2.83,0,0,1,0,0
5304560,2008,0,1,0,0,0,0,2.54,0,0,1,0,0
5304560,2009,0,0,1,0,0,0,2.75,0,0,1,0,0
5304560,2010,0,0,1,0,0,0,2.66,0,0,1,0,0
5304560,2011,0,0,1,0,0,0,2.74,0,0,1,0,0
5304560,2012,0,0,1,0,0,0,2.71,0,0,1,0,0
5304560,2013,0,0,1,0,0,0,2.97,0,0,1,0,0
5304560,2014,0,0,1,0,0,0,0,0,0,1,0,0
5304560,2015,0,0,0,1,0,0,2.72,0,0,1,0,0
5304590,2002,0,1,0,0,0,0,1.24,0,0,1,0,0
5304590,2003,0,1,0,0,0,0,1.34,0,0,1,0,0
5304590,2004,0,1,0,0,0,0,2.16,0,0,1,0,0
5304590,2005,0,1,0,0,0,0,1.6,0,0,1,0,0
5304590,2006,0,1,0,0,0,0,2.13,0,0,1,0,0
5304590,2007,0,1,0,0,0,0,1.94,0,0,1,0,0
5304590,2008,0,1,0,0,0,0,1.63,0,0,1,0,0
5304590,2009,0,0,1,0,0,0,2.24,0,0,1,0,0
5304590,2010,0,0,1,0,0,0,1.37,0,0,1,0,0
5304590,2011,0,0,1,0,0,0,1.84,0,0,1,0,0
5304590,2012,0,0,1,0,0,0,2.49,0,0,1,0,0
5304590,2013,0,0,1,0,0,0,2.25,0,0,1,0,0
5304590,2014,0,0,1,0,0,0,1.95,0,0,1,0,0
5304590,2015,0,0,0,1,0,0,1.83,0,0,1,0,0
5304620,2002,0,1,0,0,0,0,2.39,0,0,1,0,0
5304620,2003,0,1,0,0,0,0,2.37,0,0,1,0,0
5304620,2004,0,1,0,0,0,0,2.39,0,0,1,0,0
5304620,2005,0,1,0,0,0,0,2.58,0,0,1,0,0
5304620,2006,0,1,0,0,0,0,2.54,0,0,1,0,0
5304620,2007,0,1,0,0,0,0,2.81,0,0,1,0,0
5304620,2008,0,1,0,0,0,0,2.41,0,0,1,0,0
5304620,2009,0,0,1,0,0,0,2.66,0,0,1,0,0
5304620,2010,0,0,1,0,0,0,2.41,0,0,1,0,0
5304620,2011,0,0,1,0,0,0,2.38,0,0,1,0,0
5304620,2012,0,0,1,0,0,0,2.52,0,0,1,0,0
5304620,2013,0,0,1,0,0,0,2.95,0,0,1,0,0
5304620,2014,0,0,1,0,0,0,0,0,0,1,0,0
5304620,2015,0,0,0,1,0,0,2.53,0,0,1,0,0
5304800,2002,0,1,0,0,0,0,1.41,0,0,1,0,0
5304800,2003,0,1,0,0,0,0,1.82,0,0,1,0,0
5304800,2004,0,1,0,0,0,0,1.73,0,0,1,0,0
5304800,2005,0,1,0,0,0,0,1.78,0,0,1,0,0
5304800,2006,0,1,0,0,0,0,0,0,0,1,0,0
5304800,2007,0,1,0,0,0,0,1.7,0,0,1,0,0
5304800,2008,0,1,0,0,0,0,1.75,0,0,1,0,0
5304800,2009,0,0,1,0,0,0,2.12,0,0,1,0,0
5304800,2010,0,0,1,0,0,0,2.31,0,0,1,0,0
5304800,2011,0,0,1,0,0,0,1.47,0,0,1,0,0
5304800,2012,0,0,1,0,0,0,1.69,0,0,1,0,0
5304800,2013,0,0,1,0,0,0,2.45,0,0,1,0,0
5304800,2014,0,0,1,0,0,0,2.37,0,0,1,0,0
5304800,2015,0,0,0,1,0,0,1.92,0,0,1,0,0
5304830,2002,0,1,0,0,0,0,1.93,0,0,1,0,0
5304830,2003,0,1,0,0,0,0,1.54,0,0,1,0,0
5304830,2004,0,1,0,0,0,0,1.35,0,0,1,0,0
5304830,2005,0,1,0,0,0,0,2.21,0,0,1,0,0
5304830,2006,0,1,0,0,0,0,1.97,0,0,1,0,0
5304830,2007,0,1,0,0,0,0,2.01,0,0,1,0,0
5304830,2008,0,1,0,0,0,0,1.59,0,0,1,0,0
5304830,2009,0,0,1,0,0,0,1.79,0,0,1,0,0
5304830,2010,0,0,1,0,0,0,2,0,0,1,0,0
5304830,2011,0,0,1,0,0,0,2.35,0,0,1,0,0
5304830,2012,0,0,1,0,0,0,1.8,0,0,1,0,0
5304830,2013,0,0,1,0,0,0,2.03,0,0,1,0,0
5304830,2014,0,0,1,0,0,0,2.18,0,0,1,0,0
5304830,2015,0,0,0,1,0,0,2,0,0,1,0,0
5304950,2002,0,1,0,0,0,0,2.04,0,0,1,0,0
5304950,2003,0,1,0,0,0,0,2.82,0,0,1,0,0
5304950,2004,0,1,0,0,0,0,2.57,0,0,1,0,0
5304950,2005,0,1,0,0,0,0,2.83,0,0,1,0,0
5304950,2006,0,1,0,0,0,0,2.71,0,0,1,0,0
5304950,2007,0,1,0,0,0,0,2.63,0,0,1,0,0
5304950,2008,0,1,0,0,0,0,2.68,0,0,1,0,0
5304950,2009,0,0,1,0,0,0,2.63,0,0,1,0,0
5304950,2010,0,0,1,0,0,0,2.28,0,0,1,0,0
5304950,2011,0,0,1,0,0,0,2.75,0,0,1,0,0
5304950,2012,0,0,1,0,0,0,2.48,0,0,1,0,0
5304950,2013,0,0,1,0,0,0,2.88,0,0,1,0,0
5304950,2014,0,0,1,0,0,0,0,0,0,1,0,0
5304950,2015,0,0,0,1,0,0,2.22,0,0,1,0,0
5305020,2002,0,1,0,0,0,0,1.99,0,0,1,0,0
5305020,2003,0,1,0,0,0,0,2.51,0,0,1,0,0
5305020,2004,0,1,0,0,0,0,2.4,0,0,1,0,0
5305020,2005,0,1,0,0,0,0,2.91,0,0,1,0,0
5305020,2006,0,1,0,0,0,0,2.8,0,0,1,0,0
5305020,2007,0,1,0,0,0,0,2.68,0,0,1,0,0
5305020,2008,0,1,0,0,0,0,3.04,0,0,1,0,0
5305020,2009,0,0,1,0,0,0,2.81,0,0,1,0,0
5305020,2010,0,0,1,0,0,0,2.39,0,0,1,0,0
5305020,2011,0,0,1,0,0,0,3.02,0,0,1,0,0
5305020,2012,0,0,1,0,0,0,2.91,0,0,1,0,0
5305020,2013,0,0,1,0,0,0,2.68,0,0,1,0,0
5305020,2014,0,0,1,0,0,0,2.99,0,0,1,0,0
5305020,2015,0,0,0,1,0,0,2.31,0,0,1,0,0
5305130,2002,0,1,0,0,0,0,1.785,0,0,1,0,0
5305130,2003,0,1,0,0,0,0,2.09,0,0,1,0,0
5305130,2004,0,1,0,0,0,0,2.24,0,0,1,0,0
5305130,2005,0,1,0,0,0,0,2.47,0,0,1,0,0
5305130,2006,0,1,0,0,0,0,2.22,0,0,1,0,0
5305130,2007,0,1,0,0,0,0,2.39,0,0,1,0,0
5305130,2008,0,1,0,0,0,0,2.32,0,0,1,0,0
5305130,2009,0,0,1,0,0,0,2.36,0,0,1,0,0
5305130,2010,0,0,1,0,0,0,2.27,0,0,1,0,0
5305130,2011,0,0,1,0,0,0,2.31,0,0,1,0,0
5305130,2012,0,0,1,0,0,0,2.43,0,0,1,0,0
5305130,2013,0,0,1,0,0,0,2.67,0,0,1,0,0
5305130,2014,0,0,1,0,0,0,2.48,0,0,1,0,0
5305130,2015,0,0,0,1,0,0,2.41,0,0,1,0,0
5305160,2002,0,1,0,0,0,0,1.65,0,0,0,1,0
5305160,2003,0,1,0,0,0,0,2.32,0,0,0,1,0
5305160,2004,0,1,0,0,0,0,2.32,0,0,0,1,0
5305160,2005,0,1,0,0,0,0,2.35,0,0,0,1,0
5305160,2006,0,1,0,0,0,0,2.26,0,0,0,1,0
5305160,2007,53,1,0,0,53,0,2.31,1,1,0,0,0
5305160,2008,0,1,0,0,0,0,2.2,1,0,0,0,1
5305160,2009,0,0,1,0,0,0,1.98,1,0,0,0,1
5305160,2010,0,0,1,0,0,0,2.24,1,0,0,0,1
5305160,2011,0,0,1,0,0,0,2.46,1,0,0,0,1
5305160,2012,0,0,1,0,0,0,2.39,1,0,0,0,1
5305160,2013,0,0,1,0,0,0,2.64,1,0,0,0,1
5305160,2014,0,0,1,0,0,0,2.68,1,0,0,0,1
5305160,2015,0,0,0,1,0,0,2.29,1,0,0,0,1
5305190,2002,0,1,0,0,0,0,1.55,0,0,1,0,0
5305190,2003,0,1,0,0,0,0,1.56,0,0,1,0,0
5305190,2004,0,1,0,0,0,0,2,0,0,1,0,0
5305190,2005,0,1,0,0,0,0,2.18,0,0,1,0,0
5305190,2006,0,1,0,0,0,0,1.78,0,0,1,0,0
5305190,2007,0,1,0,0,0,0,1.89,0,0,1,0,0
5305190,2008,0,1,0,0,0,0,2.1,0,0,1,0,0
5305190,2009,0,0,1,0,0,0,2.15,0,0,1,0,0
5305190,2010,0,0,1,0,0,0,2.08,0,0,1,0,0
5305190,2011,0,0,1,0,0,0,1.9,0,0,1,0,0
5305190,2012,0,0,1,0,0,0,1.72,0,0,1,0,0
5305190,2013,0,0,1,0,0,0,2.85,0,0,1,0,0
5305190,2014,0,0,1,0,0,0,2.73,0,0,1,0,0
5305190,2015,0,0,0,1,0,0,2.38,0,0,1,0,0
5305250,2002,0,1,0,0,0,0,1.73,0,0,1,0,0
5305250,2003,0,1,0,0,0,0,2.29,0,0,1,0,0
5305250,2004,0,1,0,0,0,0,2.44,0,0,1,0,0
5305250,2005,0,1,0,0,0,0,2.51,0,0,1,0,0
5305250,2006,0,1,0,0,0,0,2.46,0,0,1,0,0
5305250,2007,0,1,0,0,0,0,2.25,0,0,1,0,0
5305250,2008,0,1,0,0,0,0,2.17,0,0,1,0,0
5305250,2009,0,0,1,0,0,0,2.02,0,0,1,0,0
5305250,2010,0,0,1,0,0,0,2.21,0,0,1,0,0
5305250,2011,0,0,1,0,0,0,2.37,0,0,1,0,0
5305250,2012,0,0,1,0,0,0,2.1,0,0,1,0,0
5305250,2013,0,0,1,0,0,0,2.84,0,0,1,0,0
5305250,2014,0,0,1,0,0,0,2.24,0,0,1,0,0
5305250,2015,0,0,0,1,0,0,2.48,0,0,1,0,0
5305370,2002,0,1,0,0,0,0,1.59,0,0,1,0,0
5305370,2003,0,1,0,0,0,0,1.98,0,0,1,0,0
5305370,2004,0,1,0,0,0,0,2.1,0,0,1,0,0
5305370,2005,0,1,0,0,0,0,2.19,0,0,1,0,0
5305370,2006,0,1,0,0,0,0,2.08,0,0,1,0,0
5305370,2007,0,1,0,0,0,0,2.23,0,0,1,0,0
5305370,2008,0,1,0,0,0,0,2.12,0,0,1,0,0
5305370,2009,0,0,1,0,0,0,2.21,0,0,1,0,0
5305370,2010,0,0,1,0,0,0,2.26,0,0,1,0,0
5305370,2011,0,0,1,0,0,0,1.9,0,0,1,0,0
5305370,2012,0,0,1,0,0,0,2.07,0,0,1,0,0
5305370,2013,0,0,1,0,0,0,1.84,0,0,1,0,0
5305370,2014,0,0,1,0,0,0,1.96,0,0,1,0,0
5305370,2015,0,0,0,1,0,0,2.28,0,0,1,0,0
5305520,2002,0,1,0,0,0,0,2.53,0,0,1,0,0
5305520,2003,0,1,0,0,0,0,2,0,0,1,0,0
5305520,2004,0,1,0,0,0,0,2.3,0,0,1,0,0
5305520,2005,0,1,0,0,0,0,2.96,0,0,1,0,0
5305520,2006,0,1,0,0,0,0,2.68,0,0,1,0,0
5305520,2007,0,1,0,0,0,0,3.26,0,0,1,0,0
5305520,2008,0,1,0,0,0,0,2.88,0,0,1,0,0
5305520,2009,0,0,1,0,0,0,3.19,0,0,1,0,0
5305520,2010,0,0,1,0,0,0,2.9,0,0,1,0,0
5305520,2011,0,0,1,0,0,0,2.61,0,0,1,0,0
5305520,2012,0,0,1,0,0,0,2.96,0,0,1,0,0
5305520,2013,0,0,1,0,0,0,2.94,0,0,1,0,0
5305520,2014,0,0,1,0,0,0,2.72,0,0,1,0,0
5305520,2015,0,0,0,1,0,0,2.22,0,0,1,0,0
5305640,2002,0,1,0,0,0,0,2.03,0,0,1,0,0
5305640,2003,0,1,0,0,0,0,2.03,0,0,1,0,0
5305640,2004,0,1,0,0,0,0,2.45,0,0,1,0,0
5305640,2005,0,1,0,0,0,0,2.53,0,0,1,0,0
5305640,2006,0,1,0,0,0,0,2.51,0,0,1,0,0
5305640,2007,0,1,0,0,0,0,2.8,0,0,1,0,0
5305640,2008,0,1,0,0,0,0,2.38,0,0,1,0,0
5305640,2009,0,0,1,0,0,0,2.47,0,0,1,0,0
5305640,2010,0,0,1,0,0,0,2.64,0,0,1,0,0
5305640,2011,0,0,1,0,0,0,2.68,0,0,1,0,0
5305640,2012,0,0,1,0,0,0,2.6,0,0,1,0,0
5305640,2013,0,0,1,0,0,0,2.59,0,0,1,0,0
5305640,2014,0,0,1,0,0,0,0,0,0,1,0,0
5305640,2015,0,0,0,1,0,0,2.75,0,0,1,0,0
5305700,2002,0,1,0,0,0,0,1.4,0,0,1,0,0
5305700,2003,0,1,0,0,0,0,1.85,0,0,1,0,0
5305700,2004,0,1,0,0,0,0,2.1,0,0,1,0,0
5305700,2005,0,1,0,0,0,0,2.17,0,0,1,0,0
5305700,2006,0,1,0,0,0,0,1.77,0,0,1,0,0
5305700,2007,0,1,0,0,0,0,2.1,0,0,1,0,0
5305700,2008,0,1,0,0,0,0,1.82,0,0,1,0,0
5305700,2009,0,0,1,0,0,0,2.06,0,0,1,0,0
5305700,2010,0,0,1,0,0,0,2.11,0,0,1,0,0
5305700,2011,0,0,1,0,0,0,2.36,0,0,1,0,0
5305700,2012,0,0,1,0,0,0,2.33,0,0,1,0,0
5305700,2013,0,0,1,0,0,0,2.22,0,0,1,0,0
5305700,2014,0,0,1,0,0,0,2.06,0,0,1,0,0
5305700,2015,0,0,0,1,0,0,2.34,0,0,1,0,0
5305730,2002,0,1,0,0,0,0,1.75,0,0,1,0,0
5305730,2003,0,1,0,0,0,0,1.84,0,0,1,0,0
5305730,2004,0,1,0,0,0,0,2.06,0,0,1,0,0
5305730,2005,0,1,0,0,0,0,2.12,0,0,1,0,0
5305730,2006,0,1,0,0,0,0,1.98,0,0,1,0,0
5305730,2007,0,1,0,0,0,0,2.25,0,0,1,0,0
5305730,2008,0,1,0,0,0,0,2.08,0,0,1,0,0
5305730,2009,0,0,1,0,0,0,1.97,0,0,1,0,0
5305730,2010,0,0,1,0,0,0,1.94,0,0,1,0,0
5305730,2011,0,0,1,0,0,0,2.28,0,0,1,0,0
5305730,2012,0,0,1,0,0,0,2.3,0,0,1,0,0
5305730,2013,0,0,1,0,0,0,2.37,0,0,1,0,0
5305730,2014,0,0,1,0,0,0,2.22,0,0,1,0,0
5305730,2015,0,0,0,1,0,0,1.94,0,0,1,0,0
5305790,2002,0,1,0,0,0,0,1.89,0,0,1,0,0
5305790,2003,0,1,0,0,0,0,2.29,0,0,1,0,0
5305790,2004,0,1,0,0,0,0,2.34,0,0,1,0,0
5305790,2005,0,1,0,0,0,0,2.31,0,0,1,0,0
5305790,2006,0,1,0,0,0,0,2.4,0,0,1,0,0
5305790,2007,0,1,0,0,0,0,2.33,0,0,1,0,0
5305790,2008,0,1,0,0,0,0,2.19,0,0,1,0,0
5305790,2009,0,0,1,0,0,0,1.82,0,0,1,0,0
5305790,2010,0,0,1,0,0,0,2.17,0,0,1,0,0
5305790,2011,0,0,1,0,0,0,2.29,0,0,1,0,0
5305790,2012,0,0,1,0,0,0,2.18,0,0,1,0,0
5305790,2013,0,0,1,0,0,0,2.36,0,0,1,0,0
5305790,2014,0,0,1,0,0,0,0,0,0,1,0,0
5305790,2015,0,0,0,1,0,0,2.11,0,0,1,0,0
5305850,2002,0,1,0,0,0,0,1.9,0,0,1,0,0
5305850,2003,0,1,0,0,0,0,2.2,0,0,1,0,0
5305850,2004,0,1,0,0,0,0,2.26,0,0,1,0,0
5305850,2005,0,1,0,0,0,0,2.45,0,0,1,0,0
5305850,2006,0,1,0,0,0,0,2.35,0,0,1,0,0
5305850,2007,0,1,0,0,0,0,2.52,0,0,1,0,0
5305850,2008,0,1,0,0,0,0,2.35,0,0,1,0,0
5305850,2009,0,0,1,0,0,0,2.44,0,0,1,0,0
5305850,2010,0,0,1,0,0,0,2.46,0,0,1,0,0
5305850,2011,0,0,1,0,0,0,2.52,0,0,1,0,0
5305850,2012,0,0,1,0,0,0,2.5,0,0,1,0,0
5305850,2013,0,0,1,0,0,0,2.73,0,0,1,0,0
5305850,2014,0,0,1,0,0,0,2.52,0,0,1,0,0
5305850,2015,0,0,0,1,0,0,2.44,0,0,1,0,0
5305940,2002,0,1,0,0,0,0,1.78,0,0,0,1,0
5305940,2003,0,1,0,0,0,0,2.03,0,0,0,1,0
5305940,2004,0,1,0,0,0,0,2.28,0,0,0,1,0
5305940,2005,0,1,0,0,0,0,2.42,0,0,0,1,0
5305940,2006,0,1,0,0,0,0,2.57,0,0,0,1,0
5305940,2007,29,1,0,0,29,0,2.59,1,1,0,0,0
5305940,2008,28,1,0,0,28,0,2.46,1,1,0,0,0
5305940,2009,0,0,1,0,0,0,2.49,1,0,0,0,1
5305940,2010,0,0,1,0,0,0,2.3,1,0,0,0,1
5305940,2011,0,0,1,0,0,0,2.47,1,0,0,0,1
5305940,2012,0,0,1,0,0,0,2.43,1,0,0,0,1
5305940,2013,56,0,1,0,56,0,2.72,1,1,0,0,0
5305940,2014,0,0,1,0,0,0,2.7,1,0,0,0,1
5305940,2015,0,0,0,1,0,0,2.45,1,0,0,0,1
5306000,2002,0,1,0,0,0,0,0,0,0,1,0,0
5306000,2003,0,1,0,0,0,0,1.6,0,0,1,0,0
5306000,2004,0,1,0,0,0,0,1.14,0,0,1,0,0
5306000,2005,0,1,0,0,0,0,1.41,0,0,1,0,0
5306000,2006,0,1,0,0,0,0,1.47,0,0,1,0,0
5306000,2007,0,1,0,0,0,0,2.17,0,0,1,0,0
5306000,2008,0,1,0,0,0,0,1.94,0,0,1,0,0
5306000,2009,0,0,1,0,0,0,1.39,0,0,1,0,0
5306000,2010,0,0,1,0,0,0,1.31,0,0,1,0,0
5306000,2011,0,0,1,0,0,0,1.56,0,0,1,0,0
5306000,2012,0,0,1,0,0,0,2.1,0,0,1,0,0
5306000,2013,0,0,1,0,0,0,1.86,0,0,1,0,0
5306000,2014,0,0,1,0,0,0,1.33,0,0,1,0,0
5306000,2015,0,0,0,1,0,0,1.78,0,0,1,0,0
5306090,2002,0,1,0,0,0,0,1.71,0,0,1,0,0
5306090,2003,0,1,0,0,0,0,1.89,0,0,1,0,0
5306090,2004,0,1,0,0,0,0,1.98,0,0,1,0,0
5306090,2005,0,1,0,0,0,0,2.38,0,0,1,0,0
5306090,2006,0,1,0,0,0,0,1.91,0,0,1,0,0
5306090,2007,0,1,0,0,0,0,2.47,0,0,1,0,0
5306090,2008,0,1,0,0,0,0,2.29,0,0,1,0,0
5306090,2009,0,0,1,0,0,0,2.41,0,0,1,0,0
5306090,2010,0,0,1,0,0,0,2.16,0,0,1,0,0
5306090,2011,0,0,1,0,0,0,2.45,0,0,1,0,0
5306090,2012,0,0,1,0,0,0,2.68,0,0,1,0,0
5306090,2013,0,0,1,0,0,0,2.77,0,0,1,0,0
5306090,2014,0,0,1,0,0,0,2.61,0,0,1,0,0
5306090,2015,0,0,0,1,0,0,2.18,0,0,1,0,0
5306150,2002,0,1,0,0,0,0,1.41,0,0,1,0,0
5306150,2003,0,1,0,0,0,0,1.74,0,0,1,0,0
5306150,2004,0,1,0,0,0,0,1.63,0,0,1,0,0
5306150,2005,0,1,0,0,0,0,2.2,0,0,1,0,0
5306150,2006,0,1,0,0,0,0,1.87,0,0,1,0,0
5306150,2007,0,1,0,0,0,0,1.79,0,0,1,0,0
5306150,2008,0,1,0,0,0,0,1.96,0,0,1,0,0
5306150,2009,0,0,1,0,0,0,1.69,0,0,1,0,0
5306150,2010,0,0,1,0,0,0,2.27,0,0,1,0,0
5306150,2011,0,0,1,0,0,0,2.02,0,0,1,0,0
5306150,2012,0,0,1,0,0,0,2.17,0,0,1,0,0
5306150,2013,0,0,1,0,0,0,2.51,0,0,1,0,0
5306150,2014,0,0,1,0,0,0,2.5,0,0,1,0,0
5306150,2015,0,0,0,1,0,0,1.97,0,0,1,0,0
5306240,2002,0,1,0,0,0,0,1.6,0,0,1,0,0
5306240,2003,0,1,0,0,0,0,1.72,0,0,1,0,0
5306240,2004,0,1,0,0,0,0,1.69,0,0,1,0,0
5306240,2005,0,1,0,0,0,0,1.65,0,0,1,0,0
5306240,2006,0,1,0,0,0,0,1.93,0,0,1,0,0
5306240,2007,0,1,0,0,0,0,2.14,0,0,1,0,0
5306240,2008,0,1,0,0,0,0,2.03,0,0,1,0,0
5306240,2009,0,0,1,0,0,0,1.61,0,0,1,0,0
5306240,2010,0,0,1,0,0,0,1.83,0,0,1,0,0
5306240,2011,0,0,1,0,0,0,1.99,0,0,1,0,0
5306240,2012,0,0,1,0,0,0,2.03,0,0,1,0,0
5306240,2013,0,0,1,0,0,0,2.61,0,0,1,0,0
5306240,2014,0,0,1,0,0,0,2.55,0,0,1,0,0
5306240,2015,0,0,0,1,0,0,2.35,0,0,1,0,0
5306300,2002,0,1,0,0,0,0,0,0,0,1,0,0
5306300,2003,0,1,0,0,0,0,2.88,0,0,1,0,0
5306300,2004,0,1,0,0,0,0,2.76,0,0,1,0,0
5306300,2005,0,1,0,0,0,0,3.26,0,0,1,0,0
5306300,2006,0,1,0,0,0,0,2.82,0,0,1,0,0
5306300,2007,0,1,0,0,0,0,3,0,0,1,0,0
5306300,2008,0,1,0,0,0,0,2.97,0,0,1,0,0
5306300,2009,0,0,1,0,0,0,2.52,0,0,1,0,0
5306300,2010,0,0,1,0,0,0,2.5,0,0,1,0,0
5306300,2011,0,0,1,0,0,0,2.74,0,0,1,0,0
5306300,2012,0,0,1,0,0,0,2.04,0,0,1,0,0
5306300,2013,0,0,1,0,0,0,1.6,0,0,1,0,0
5306300,2014,0,0,1,0,0,0,0,0,0,1,0,0
5306300,2015,0,0,0,1,0,0,2.74,0,0,1,0,0
5306390,2002,0,1,0,0,0,0,1.52,0,0,1,0,0
5306390,2003,0,1,0,0,0,0,2.42,0,0,1,0,0
5306390,2004,0,1,0,0,0,0,1.86,0,0,1,0,0
5306390,2005,0,1,0,0,0,0,2.38,0,0,1,0,0
5306390,2006,0,1,0,0,0,0,2.24,0,0,1,0,0
5306390,2007,0,1,0,0,0,0,0,0,0,1,0,0
5306390,2008,0,1,0,0,0,0,1.8,0,0,1,0,0
5306390,2009,0,0,1,0,0,0,2.19,0,0,1,0,0
5306390,2010,0,0,1,0,0,0,2.07,0,0,1,0,0
5306390,2011,0,0,1,0,0,0,2.05,0,0,1,0,0
5306390,2012,0,0,1,0,0,0,2.18,0,0,1,0,0
5306390,2013,0,0,1,0,0,0,2.29,0,0,1,0,0
5306390,2014,0,0,1,0,0,0,0,0,0,1,0,0
5306390,2015,0,0,0,1,0,0,1.8,0,0,1,0,0
5306420,2002,0,1,0,0,0,0,1.36,0,0,1,0,0
5306420,2003,0,1,0,0,0,0,1.7,0,0,1,0,0
5306420,2004,0,1,0,0,0,0,2.18,0,0,1,0,0
5306420,2005,0,1,0,0,0,0,2.12,0,0,1,0,0
5306420,2006,0,1,0,0,0,0,1.73,0,0,1,0,0
5306420,2007,0,1,0,0,0,0,1.98,0,0,1,0,0
5306420,2008,0,1,0,0,0,0,1.97,0,0,1,0,0
5306420,2009,0,0,1,0,0,0,1.83,0,0,1,0,0
5306420,2010,0,0,1,0,0,0,1.79,0,0,1,0,0
5306420,2011,0,0,1,0,0,0,1.92,0,0,1,0,0
5306420,2012,0,0,1,0,0,0,1.92,0,0,1,0,0
5306420,2013,0,0,1,0,0,0,2.23,0,0,1,0,0
5306420,2014,0,0,1,0,0,0,2.2,0,0,1,0,0
5306420,2015,0,0,0,1,0,0,2.05,0,0,1,0,0
5306600,2002,0,1,0,0,0,0,2.22,0,0,1,0,0
5306600,2003,0,1,0,0,0,0,1.78,0,0,1,0,0
5306600,2004,0,1,0,0,0,0,1.94,0,0,1,0,0
5306600,2005,0,1,0,0,0,0,2.03,0,0,1,0,0
5306600,2006,0,1,0,0,0,0,2.4,0,0,1,0,0
5306600,2007,0,1,0,0,0,0,2.17,0,0,1,0,0
5306600,2008,0,1,0,0,0,0,2.4,0,0,1,0,0
5306600,2009,0,0,1,0,0,0,2.22,0,0,1,0,0
5306600,2010,0,0,1,0,0,0,2.12,0,0,1,0,0
5306600,2011,0,0,1,0,0,0,2.52,0,0,1,0,0
5306600,2012,0,0,1,0,0,0,2.31,0,0,1,0,0
5306600,2013,0,0,1,0,0,0,2.99,0,0,1,0,0
5306600,2014,0,0,1,0,0,0,2.86,0,0,1,0,0
5306600,2015,0,0,0,1,0,0,2.21,0,0,1,0,0
5306660,2002,0,1,0,0,0,0,1.57,0,0,1,0,0
5306660,2003,0,1,0,0,0,0,1.65,0,0,1,0,0
5306660,2004,0,1,0,0,0,0,2.21,0,0,1,0,0
5306660,2005,0,1,0,0,0,0,2.28,0,0,1,0,0
5306660,2006,0,1,0,0,0,0,2.05,0,0,1,0,0
5306660,2007,0,1,0,0,0,0,2,0,0,1,0,0
5306660,2008,0,1,0,0,0,0,2.15,0,0,1,0,0
5306660,2009,0,0,1,0,0,0,2.28,0,0,1,0,0
5306660,2010,0,0,1,0,0,0,2.16,0,0,1,0,0
5306660,2011,0,0,1,0,0,0,2.45,0,0,1,0,0
5306660,2012,0,0,1,0,0,0,2.28,0,0,1,0,0
5306660,2013,0,0,1,0,0,0,2.26,0,0,1,0,0
5306660,2014,0,0,1,0,0,0,2.04,0,0,1,0,0
5306660,2015,0,0,0,1,0,0,2.35,0,0,1,0,0
5306750,2002,0,1,0,0,0,0,1.59,0,0,1,0,0
5306750,2003,0,1,0,0,0,0,1.83,0,0,1,0,0
5306750,2004,0,1,0,0,0,0,1.89,0,0,1,0,0
5306750,2005,0,1,0,0,0,0,2.2,0,0,1,0,0
5306750,2006,0,1,0,0,0,0,2.12,0,0,1,0,0
5306750,2007,0,1,0,0,0,0,2.19,0,0,1,0,0
5306750,2008,0,1,0,0,0,0,2.2,0,0,1,0,0
5306750,2009,0,0,1,0,0,0,1.74,0,0,1,0,0
5306750,2010,0,0,1,0,0,0,1.91,0,0,1,0,0
5306750,2011,0,0,1,0,0,0,2.12,0,0,1,0,0
5306750,2012,0,0,1,0,0,0,2.65,0,0,1,0,0
5306750,2013,0,0,1,0,0,0,2.04,0,0,1,0,0
5306750,2014,0,0,1,0,0,0,2.26,0,0,1,0,0
5306750,2015,0,0,0,1,0,0,2.01,0,0,1,0,0
5306780,2002,0,1,0,0,0,0,1.85,0,0,1,0,0
5306780,2003,0,1,0,0,0,0,1.89,0,0,1,0,0
5306780,2004,0,1,0,0,0,0,2.32,0,0,1,0,0
5306780,2005,0,1,0,0,0,0,2.12,0,0,1,0,0
5306780,2006,0,1,0,0,0,0,2.22,0,0,1,0,0
5306780,2007,0,1,0,0,0,0,2.33,0,0,1,0,0
5306780,2008,0,1,0,0,0,0,1.52,0,0,1,0,0
5306780,2009,0,0,1,0,0,0,1.92,0,0,1,0,0
5306780,2010,0,0,1,0,0,0,1.85,0,0,1,0,0
5306780,2011,0,0,1,0,0,0,2.15,0,0,1,0,0
5306780,2012,0,0,1,0,0,0,2.22,0,0,1,0,0
5306780,2013,0,0,1,0,0,0,2.99,0,0,1,0,0
5306780,2014,0,0,1,0,0,0,2.27,0,0,1,0,0
5306780,2015,0,0,0,1,0,0,2.31,0,0,1,0,0
5306820,2002,0,1,0,0,0,0,2.01,0,0,1,0,0
5306820,2003,0,1,0,0,0,0,2.24,0,0,1,0,0
5306820,2004,0,1,0,0,0,0,2.6,0,0,1,0,0
5306820,2005,0,1,0,0,0,0,2.56,0,0,1,0,0
5306820,2006,0,1,0,0,0,0,2.71,0,0,1,0,0
5306820,2007,0,1,0,0,0,0,2.7,0,0,1,0,0
5306820,2008,0,1,0,0,0,0,2.62,0,0,1,0,0
5306820,2009,0,0,1,0,0,0,2.75,0,0,1,0,0
5306820,2010,0,0,1,0,0,0,2.84,0,0,1,0,0
5306820,2011,0,0,1,0,0,0,2.83,0,0,1,0,0
5306820,2012,0,0,1,0,0,0,2.85,0,0,1,0,0
5306820,2013,0,0,1,0,0,0,2.96,0,0,1,0,0
5306820,2014,0,0,1,0,0,0,0,0,0,1,0,0
5306820,2015,0,0,0,1,0,0,2.67,0,0,1,0,0
5306870,2002,0,1,0,0,0,0,1.45,0,0,1,0,0
5306870,2003,0,1,0,0,0,0,1.75,0,0,1,0,0
5306870,2004,0,1,0,0,0,0,1.84,0,0,1,0,0
5306870,2005,0,1,0,0,0,0,0,0,0,1,0,0
5306870,2006,0,1,0,0,0,0,1.54,0,0,1,0,0
5306870,2007,0,1,0,0,0,0,2,0,0,1,0,0
5306870,2008,0,1,0,0,0,0,1.95,0,0,1,0,0
5306870,2009,0,0,1,0,0,0,1.78,0,0,1,0,0
5306870,2010,0,0,1,0,0,0,2,0,0,1,0,0
5306870,2011,0,0,1,0,0,0,1.89,0,0,1,0,0
5306870,2012,0,0,1,0,0,0,2.25,0,0,1,0,0
5306870,2013,0,0,1,0,0,0,2.5,0,0,1,0,0
5306870,2014,0,0,1,0,0,0,2.13,0,0,1,0,0
5306870,2015,0,0,0,1,0,0,2.12,0,0,1,0,0
5306930,2002,0,1,0,0,0,0,2.27,0,0,0,1,0
5306930,2003,0,1,0,0,0,0,2.67,0,0,0,1,0
5306930,2004,0,1,0,0,0,0,3.02,0,0,0,1,0
5306930,2005,0,1,0,0,0,0,3.06,0,0,0,1,0
5306930,2006,0,1,0,0,0,0,2.87,0,0,0,1,0
5306930,2007,26,1,0,0,26,0,3.16,1,1,0,0,0
5306930,2008,0,1,0,0,0,0,2.99,1,0,0,0,1
5306930,2009,0,0,1,0,0,0,2.85,1,0,0,0,1
5306930,2010,0,0,1,0,0,0,2.9,1,0,0,0,1
5306930,2011,26,0,1,0,26,0,2.82,1,1,0,0,0
5306930,2012,28,0,1,0,28,0,2.88,1,1,0,0,0
5306930,2013,0,0,1,0,0,0,3.11,1,0,0,0,1
5306930,2014,0,0,1,0,0,0,2.97,1,0,0,0,1
5306930,2015,0,0,0,1,0,0,2.82,1,0,0,0,1
5307140,2002,0,1,0,0,0,0,1.43,0,0,1,0,0
5307140,2003,0,1,0,0,0,0,1.57,0,0,1,0,0
5307140,2004,0,1,0,0,0,0,1.95,0,0,1,0,0
5307140,2005,0,1,0,0,0,0,2.12,0,0,1,0,0
5307140,2006,0,1,0,0,0,0,2.02,0,0,1,0,0
5307140,2007,0,1,0,0,0,0,2.28,0,0,1,0,0
5307140,2008,0,1,0,0,0,0,2.26,0,0,1,0,0
5307140,2009,0,0,1,0,0,0,1.89,0,0,1,0,0
5307140,2010,0,0,1,0,0,0,1.97,0,0,1,0,0
5307140,2011,0,0,1,0,0,0,2.21,0,0,1,0,0
5307140,2012,0,0,1,0,0,0,2.53,0,0,1,0,0
5307140,2013,0,0,1,0,0,0,2.74,0,0,1,0,0
5307140,2014,0,0,1,0,0,0,2.44,0,0,1,0,0
5307140,2015,0,0,0,1,0,0,2.19,0,0,1,0,0
5307260,2002,0,1,0,0,0,0,1.83,0,0,1,0,0
5307260,2003,0,1,0,0,0,0,1.66,0,0,1,0,0
5307260,2004,0,1,0,0,0,0,2.38,0,0,1,0,0
5307260,2005,0,1,0,0,0,0,2.1,0,0,1,0,0
5307260,2006,0,1,0,0,0,0,2.2,0,0,1,0,0
5307260,2007,0,1,0,0,0,0,2.23,0,0,1,0,0
5307260,2008,0,1,0,0,0,0,2.11,0,0,1,0,0
5307260,2009,0,0,1,0,0,0,2.05,0,0,1,0,0
5307260,2010,0,0,1,0,0,0,1.74,0,0,1,0,0
5307260,2011,0,0,1,0,0,0,2.24,0,0,1,0,0
5307260,2012,0,0,1,0,0,0,2.43,0,0,1,0,0
5307260,2013,0,0,1,0,0,0,2.68,0,0,1,0,0
5307260,2014,0,0,1,0,0,0,2.33,0,0,1,0,0
5307260,2015,0,0,0,1,0,0,2.04,0,0,1,0,0
5307350,2002,0,1,0,0,0,0,1.91,0,0,1,0,0
5307350,2003,0,1,0,0,0,0,2.45,0,0,1,0,0
5307350,2004,0,1,0,0,0,0,2.58,0,0,1,0,0
5307350,2005,0,1,0,0,0,0,2.73,0,0,1,0,0
5307350,2006,0,1,0,0,0,0,2.42,0,0,1,0,0
5307350,2007,0,1,0,0,0,0,2.76,0,0,1,0,0
5307350,2008,0,1,0,0,0,0,2.61,0,0,1,0,0
5307350,2009,0,0,1,0,0,0,2.58,0,0,1,0,0
5307350,2010,0,0,1,0,0,0,2.55,0,0,1,0,0
5307350,2011,0,0,1,0,0,0,2.7,0,0,1,0,0
5307350,2012,0,0,1,0,0,0,2.86,0,0,1,0,0
5307350,2013,0,0,1,0,0,0,2.93,0,0,1,0,0
5307350,2014,0,0,1,0,0,0,2.85,0,0,1,0,0
5307350,2015,0,0,0,1,0,0,2.76,0,0,1,0,0
5307440,2002,0,1,0,0,0,0,1.59,0,0,1,0,0
5307440,2003,0,1,0,0,0,0,2.09,0,0,1,0,0
5307440,2004,0,1,0,0,0,0,2.22,0,0,1,0,0
5307440,2005,0,1,0,0,0,0,2.14,0,0,1,0,0
5307440,2006,0,1,0,0,0,0,2.11,0,0,1,0,0
5307440,2007,0,1,0,0,0,0,2.39,0,0,1,0,0
5307440,2008,0,1,0,0,0,0,2.53,0,0,1,0,0
5307440,2009,0,0,1,0,0,0,2.43,0,0,1,0,0
5307440,2010,0,0,1,0,0,0,2.32,0,0,1,0,0
5307440,2011,0,0,1,0,0,0,2.35,0,0,1,0,0
5307440,2012,0,0,1,0,0,0,2.2,0,0,1,0,0
5307440,2013,0,0,1,0,0,0,2.72,0,0,1,0,0
5307440,2014,0,0,1,0,0,0,2.6,0,0,1,0,0
5307440,2015,0,0,0,1,0,0,2.28,0,0,1,0,0
5307470,2002,0,1,0,0,0,0,1.43,0,0,1,0,0
5307470,2003,0,1,0,0,0,0,1.75,0,0,1,0,0
5307470,2004,0,1,0,0,0,0,1.98,0,0,1,0,0
5307470,2005,0,1,0,0,0,0,1.76,0,0,1,0,0
5307470,2006,0,1,0,0,0,0,2.17,0,0,1,0,0
5307470,2007,0,1,0,0,0,0,2.43,0,0,1,0,0
5307470,2008,0,1,0,0,0,0,2.48,0,0,1,0,0
5307470,2009,0,0,1,0,0,0,2.51,0,0,1,0,0
5307470,2010,0,0,1,0,0,0,2.25,0,0,1,0,0
5307470,2011,0,0,1,0,0,0,2.56,0,0,1,0,0
5307470,2012,0,0,1,0,0,0,2.84,0,0,1,0,0
5307470,2013,0,0,1,0,0,0,2.71,0,0,1,0,0
5307470,2014,0,0,1,0,0,0,2.53,0,0,1,0,0
5307470,2015,0,0,0,1,0,0,2.28,0,0,1,0,0
5307560,2002,0,1,0,0,0,0,1.68,0,0,1,0,0
5307560,2003,0,1,0,0,0,0,2.42,0,0,1,0,0
5307560,2004,0,1,0,0,0,0,2.31,0,0,1,0,0
5307560,2005,0,1,0,0,0,0,2.93,0,0,1,0,0
5307560,2006,0,1,0,0,0,0,2.8,0,0,1,0,0
5307560,2007,0,1,0,0,0,0,2.71,0,0,1,0,0
5307560,2008,0,1,0,0,0,0,3.07,0,0,1,0,0
5307560,2009,0,0,1,0,0,0,2.78,0,0,1,0,0
5307560,2010,0,0,1,0,0,0,2.88,0,0,1,0,0
5307560,2011,0,0,1,0,0,0,2.75,0,0,1,0,0
5307560,2012,0,0,1,0,0,0,2.92,0,0,1,0,0
5307560,2013,0,0,1,0,0,0,3.2,0,0,1,0,0
5307560,2014,0,0,1,0,0,0,2.87,0,0,1,0,0
5307560,2015,0,0,0,1,0,0,2.33,0,0,1,0,0
5307620,2002,0,1,0,0,0,0,1.53,0,0,1,0,0
5307620,2003,0,1,0,0,0,0,1.62,0,0,1,0,0
5307620,2004,0,1,0,0,0,0,1.93,0,0,1,0,0
5307620,2005,0,1,0,0,0,0,1.97,0,0,1,0,0
5307620,2006,0,1,0,0,0,0,1.69,0,0,1,0,0
5307620,2007,0,1,0,0,0,0,1.92,0,0,1,0,0
5307620,2008,0,1,0,0,0,0,1.78,0,0,1,0,0
5307620,2009,0,0,1,0,0,0,2.04,0,0,1,0,0
5307620,2010,0,0,1,0,0,0,2.22,0,0,1,0,0
5307620,2011,0,0,1,0,0,0,2.24,0,0,1,0,0
5307620,2012,0,0,1,0,0,0,2.24,0,0,1,0,0
5307620,2013,0,0,1,0,0,0,2.15,0,0,1,0,0
5307620,2014,0,0,1,0,0,0,2,0,0,1,0,0
5307620,2015,0,0,0,1,0,0,2.05,0,0,1,0,0
5307650,2002,0,1,0,0,0,0,2.5,0,0,1,0,0
5307650,2003,0,1,0,0,0,0,2.93,0,0,1,0,0
5307650,2004,0,1,0,0,0,0,2.47,0,0,1,0,0
5307650,2005,0,1,0,0,0,0,2.84,0,0,1,0,0
5307650,2006,0,1,0,0,0,0,2.83,0,0,1,0,0
5307650,2007,0,1,0,0,0,0,2.49,0,0,1,0,0
5307650,2008,0,1,0,0,0,0,2.6,0,0,1,0,0
5307650,2009,0,0,1,0,0,0,2.9,0,0,1,0,0
5307650,2010,0,0,1,0,0,0,2.86,0,0,1,0,0
5307650,2011,0,0,1,0,0,0,2.96,0,0,1,0,0
5307650,2012,0,0,1,0,0,0,2.89,0,0,1,0,0
5307650,2013,0,0,1,0,0,0,2.84,0,0,1,0,0
5307650,2014,0,0,1,0,0,0,2.81,0,0,1,0,0
5307650,2015,0,0,0,1,0,0,2.62,0,0,1,0,0
5307770,2002,0,1,0,0,0,0,2.01,0,0,1,0,0
5307770,2003,0,1,0,0,0,0,1.98,0,0,1,0,0
5307770,2004,0,1,0,0,0,0,2.37,0,0,1,0,0
5307770,2005,0,1,0,0,0,0,2.46,0,0,1,0,0
5307770,2006,0,1,0,0,0,0,2.5,0,0,1,0,0
5307770,2007,0,1,0,0,0,0,2.72,0,0,1,0,0
5307770,2008,0,1,0,0,0,0,2.51,0,0,1,0,0
5307770,2009,0,0,1,0,0,0,2.73,0,0,1,0,0
5307770,2010,0,0,1,0,0,0,2.43,0,0,1,0,0
5307770,2011,0,0,1,0,0,0,2.61,0,0,1,0,0
5307770,2012,0,0,1,0,0,0,2.77,0,0,1,0,0
5307770,2013,0,0,1,0,0,0,2.76,0,0,1,0,0
5307770,2014,0,0,1,0,0,0,0,0,0,1,0,0
5307770,2015,0,0,0,1,0,0,2.41,0,0,1,0,0
5307900,2002,0,1,0,0,0,0,0,0,0,0,1,0
5307900,2003,0,1,0,0,0,0,1.87,0,0,0,1,0
5307900,2004,0,1,0,0,0,0,2.1,0,0,0,1,0
5307900,2005,0,1,0,0,0,0,2.08,0,0,0,1,0
5307900,2006,0,1,0,0,0,0,1.87,0,0,0,1,0
5307900,2007,0,1,0,0,0,0,2.03,0,0,0,1,0
5307900,2008,0,1,0,0,0,0,2.22,0,0,0,1,0
5307900,2009,0,0,1,0,0,0,2.25,0,0,0,1,0
5307900,2010,0,0,1,0,0,0,2.23,0,0,0,1,0
5307900,2011,0,0,1,0,0,0,2.36,0,0,0,1,0
5307900,2012,0,0,1,0,0,0,2.74,0,0,0,1,0
5307900,2013,30,0,1,0,30,0,2.76,1,1,0,0,0
5307900,2014,0,0,1,0,0,0,2.5,1,0,0,0,1
5307900,2015,0,0,0,1,0,0,2.49,1,0,0,0,1
5307920,2002,0,1,0,0,0,0,2.4,0,0,0,1,0
5307920,2003,0,1,0,0,0,0,2.55,0,0,0,1,0
5307920,2004,0,1,0,0,0,0,2.83,0,0,0,1,0
5307920,2005,0,1,0,0,0,0,2.77,0,0,0,1,0
5307920,2006,0,1,0,0,0,0,2.72,0,0,0,1,0
5307920,2007,0,1,0,0,0,0,2.74,0,0,0,1,0
5307920,2008,0,1,0,0,0,0,2.8,0,0,0,1,0
5307920,2009,200,0,1,0,200,0,3.01,1,1,0,0,0
5307920,2010,0,0,1,0,0,0,2.81,1,0,0,0,1
5307920,2011,0,0,1,0,0,0,2.99,1,0,0,0,1
5307920,2012,0,0,1,0,0,0,2.99,1,0,0,0,1
5307920,2013,60,0,1,0,0,60,3.11,1,1,0,0,0
5307920,2014,165,0,1,0,165,0,3.05,1,1,0,0,0
5307920,2015,0,0,0,1,0,0,2.96,1,0,0,0,1
5308020,2002,0,1,0,0,0,0,2.03,0,0,1,0,0
5308020,2003,0,1,0,0,0,0,2.18,0,0,1,0,0
5308020,2004,0,1,0,0,0,0,2.47,0,0,1,0,0
5308020,2005,0,1,0,0,0,0,2.47,0,0,1,0,0
5308020,2006,0,1,0,0,0,0,2.4,0,0,1,0,0
5308020,2007,0,1,0,0,0,0,2.59,0,0,1,0,0
5308020,2008,0,1,0,0,0,0,2.63,0,0,1,0,0
5308020,2009,0,0,1,0,0,0,2.68,0,0,1,0,0
5308020,2010,0,0,1,0,0,0,2.68,0,0,1,0,0
5308020,2011,0,0,1,0,0,0,2.75,0,0,1,0,0
5308020,2012,0,0,1,0,0,0,2.19,0,0,1,0,0
5308020,2013,0,0,1,0,0,0,2.49,0,0,1,0,0
5308020,2014,0,0,1,0,0,0,2.52,0,0,1,0,0
5308020,2015,0,0,0,1,0,0,2.13,0,0,1,0,0
5308040,2002,0,1,0,0,0,0,2.2,0,0,1,0,0
5308040,2003,0,1,0,0,0,0,2.53,0,0,1,0,0
5308040,2004,0,1,0,0,0,0,2.8,0,0,1,0,0
5308040,2005,0,1,0,0,0,0,2.92,0,0,1,0,0
5308040,2006,0,1,0,0,0,0,2.73,0,0,1,0,0
5308040,2007,0,1,0,0,0,0,2.97,0,0,1,0,0
5308040,2008,0,1,0,0,0,0,2.84,0,0,1,0,0
5308040,2009,0,0,1,0,0,0,2.88,0,0,1,0,0
5308040,2010,0,0,1,0,0,0,2.98,0,0,1,0,0
5308040,2011,0,0,1,0,0,0,2.96,0,0,1,0,0
5308040,2012,0,0,1,0,0,0,3.23,0,0,1,0,0
5308040,2013,0,0,1,0,0,0,3.31,0,0,1,0,0
5308040,2014,0,0,1,0,0,0,0,0,0,1,0,0
5308040,2015,0,0,0,1,0,0,2.91,0,0,1,0,0
5308070,2002,0,1,0,0,0,0,1.3,0,0,1,0,0
5308070,2003,0,1,0,0,0,0,1.54,0,0,1,0,0
5308070,2004,0,1,0,0,0,0,1.93,0,0,1,0,0
5308070,2005,0,1,0,0,0,0,1.73,0,0,1,0,0
5308070,2006,0,1,0,0,0,0,1.8,0,0,1,0,0
5308070,2007,0,1,0,0,0,0,1.6,0,0,1,0,0
5308070,2008,0,1,0,0,0,0,2.13,0,0,1,0,0
5308070,2009,0,0,1,0,0,0,1.49,0,0,1,0,0
5308070,2010,0,0,1,0,0,0,1.87,0,0,1,0,0
5308070,2011,0,0,1,0,0,0,2.19,0,0,1,0,0
5308070,2012,0,0,1,0,0,0,2.35,0,0,1,0,0
5308070,2013,0,0,1,0,0,0,2.46,0,0,1,0,0
5308070,2014,0,0,1,0,0,0,2.38,0,0,1,0,0
5308070,2015,0,0,0,1,0,0,2,0,0,1,0,0
5308100,2002,0,1,0,0,0,0,1.71,0,0,1,0,0
5308100,2003,0,1,0,0,0,0,1.64,0,0,1,0,0
5308100,2004,0,1,0,0,0,0,2.04,0,0,1,0,0
5308100,2005,0,1,0,0,0,0,2.04,0,0,1,0,0
5308100,2006,0,1,0,0,0,0,2.24,0,0,1,0,0
5308100,2007,0,1,0,0,0,0,2.36,0,0,1,0,0
5308100,2008,0,1,0,0,0,0,1.95,0,0,1,0,0
5308100,2009,0,0,1,0,0,0,2.49,0,0,1,0,0
5308100,2010,0,0,1,0,0,0,2.03,0,0,1,0,0
5308100,2011,0,0,1,0,0,0,2.38,0,0,1,0,0
5308100,2012,0,0,1,0,0,0,2.84,0,0,1,0,0
5308100,2013,0,0,1,0,0,0,2.88,0,0,1,0,0
5308100,2014,0,0,1,0,0,0,2.73,0,0,1,0,0
5308100,2015,0,0,0,1,0,0,2.25,0,0,1,0,0
5308340,2002,0,1,0,0,0,0,2.14,0,0,0,1,0
5308340,2003,0,1,0,0,0,0,2.26,0,0,0,1,0
5308340,2004,0,1,0,0,0,0,2.58,0,0,0,1,0
5308340,2005,0,1,0,0,0,0,2.55,0,0,0,1,0
5308340,2006,0,1,0,0,0,0,2.43,0,0,0,1,0
5308340,2007,0,1,0,0,0,0,2.68,0,0,0,1,0
5308340,2008,0,1,0,0,0,0,2.6,0,0,0,1,0
5308340,2009,30,0,1,0,30,0,2.67,1,1,0,0,0
5308340,2010,0,0,1,0,0,0,2.5,1,0,0,0,1
5308340,2011,0,0,1,0,0,0,2.51,1,0,0,0,1
5308340,2012,0,0,1,0,0,0,2.74,1,0,0,0,1
5308340,2013,0,0,1,0,0,0,2.94,1,0,0,0,1
5308340,2014,0,0,1,0,0,0,2.84,1,0,0,0,1
5308340,2015,0,0,0,1,0,0,2.36,1,0,0,0,1
5308460,2002,0,1,0,0,0,0,1.68,0,0,1,0,0
5308460,2003,0,1,0,0,0,0,2.09,0,0,1,0,0
5308460,2004,0,1,0,0,0,0,2.42,0,0,1,0,0
5308460,2005,0,1,0,0,0,0,2.55,0,0,1,0,0
5308460,2006,0,1,0,0,0,0,2.56,0,0,1,0,0
5308460,2007,0,1,0,0,0,0,2.62,0,0,1,0,0
5308460,2008,0,1,0,0,0,0,2.74,0,0,1,0,0
5308460,2009,0,0,1,0,0,0,3.04,0,0,1,0,0
5308460,2010,0,0,1,0,0,0,2.91,0,0,1,0,0
5308460,2011,0,0,1,0,0,0,2.83,0,0,1,0,0
5308460,2012,0,0,1,0,0,0,2.66,0,0,1,0,0
5308460,2013,0,0,1,0,0,0,2.65,0,0,1,0,0
5308460,2014,0,0,1,0,0,0,2.75,0,0,1,0,0
5308460,2015,0,0,0,1,0,0,2.78,0,0,1,0,0
5308550,2002,0,1,0,0,0,0,1.66,0,0,1,0,0
5308550,2003,0,1,0,0,0,0,2.02,0,0,1,0,0
5308550,2004,0,1,0,0,0,0,2.18,0,0,1,0,0
5308550,2005,0,1,0,0,0,0,2.51,0,0,1,0,0
5308550,2006,0,1,0,0,0,0,2.21,0,0,1,0,0
5308550,2007,0,1,0,0,0,0,2.29,0,0,1,0,0
5308550,2008,0,1,0,0,0,0,2.32,0,0,1,0,0
5308550,2009,0,0,1,0,0,0,2.1,0,0,1,0,0
5308550,2010,0,0,1,0,0,0,2.2,0,0,1,0,0
5308550,2011,0,0,1,0,0,0,2.17,0,0,1,0,0
5308550,2012,0,0,1,0,0,0,2.35,0,0,1,0,0
5308550,2013,0,0,1,0,0,0,2.38,0,0,1,0,0
5308550,2014,0,0,1,0,0,0,2.34,0,0,1,0,0
5308550,2015,0,0,0,1,0,0,2.1,0,0,1,0,0
5308730,2002,0,1,0,0,0,0,1.29,0,0,1,0,0
5308730,2003,0,1,0,0,0,0,1.72,0,0,1,0,0
5308730,2004,0,1,0,0,0,0,2.41,0,0,1,0,0
5308730,2005,0,1,0,0,0,0,2,0,0,1,0,0
5308730,2006,0,1,0,0,0,0,2.36,0,0,1,0,0
5308730,2007,0,1,0,0,0,0,1.45,0,0,1,0,0
5308730,2008,0,1,0,0,0,0,3.2,0,0,1,0,0
5308730,2009,0,0,1,0,0,0,0,0,0,1,0,0
5308730,2010,0,0,1,0,0,0,1.5,0,0,1,0,0
5308730,2011,0,0,1,0,0,0,1.55,0,0,1,0,0
5308730,2012,0,0,1,0,0,0,0,0,0,1,0,0
5308730,2013,0,0,1,0,0,0,1.56,0,0,1,0,0
5308730,2014,0,0,1,0,0,0,0,0,0,1,0,0
5308730,2015,0,0,0,1,0,0,1.42,0,0,1,0,0
5308790,2002,0,1,0,0,0,0,1.45,0,0,1,0,0
5308790,2003,0,1,0,0,0,0,2.17,0,0,1,0,0
5308790,2004,0,1,0,0,0,0,2.44,0,0,1,0,0
5308790,2005,0,1,0,0,0,0,2.99,0,0,1,0,0
5308790,2006,0,1,0,0,0,0,2.9,0,0,1,0,0
5308790,2007,0,1,0,0,0,0,2.93,0,0,1,0,0
5308790,2008,0,1,0,0,0,0,3.35,0,0,1,0,0
5308790,2009,0,0,1,0,0,0,0,0,0,1,0,0
5308790,2010,0,0,1,0,0,0,2.58,0,0,1,0,0
5308790,2011,0,0,1,0,0,0,2.45,0,0,1,0,0
5308790,2012,0,0,1,0,0,0,2.47,0,0,1,0,0
5308790,2013,0,0,1,0,0,0,2.45,0,0,1,0,0
5308790,2014,0,0,1,0,0,0,2.38,0,0,1,0,0
5308790,2015,0,0,0,1,0,0,1.45,0,0,1,0,0
5308910,2002,0,1,0,0,0,0,1.73,0,0,1,0,0
5308910,2003,0,1,0,0,0,0,1.83,0,0,1,0,0
5308910,2004,0,1,0,0,0,0,2.31,0,0,1,0,0
5308910,2005,0,1,0,0,0,0,2.31,0,0,1,0,0
5308910,2006,0,1,0,0,0,0,2.2,0,0,1,0,0
5308910,2007,0,1,0,0,0,0,2.01,0,0,1,0,0
5308910,2008,0,1,0,0,0,0,2.12,0,0,1,0,0
5308910,2009,0,0,1,0,0,0,2.27,0,0,1,0,0
5308910,2010,0,0,1,0,0,0,2.11,0,0,1,0,0
5308910,2011,0,0,1,0,0,0,2.13,0,0,1,0,0
5308910,2012,0,0,1,0,0,0,2.59,0,0,1,0,0
5308910,2013,0,0,1,0,0,0,2.21,0,0,1,0,0
5308910,2014,0,0,1,0,0,0,0,0,0,1,0,0
5308910,2015,0,0,0,1,0,0,1.69,0,0,1,0,0
5308940,2002,0,1,0,0,0,0,1.99,0,0,1,0,0
5308940,2003,0,1,0,0,0,0,1.83,0,0,1,0,0
5308940,2004,0,1,0,0,0,0,2.44,0,0,1,0,0
5308940,2005,0,1,0,0,0,0,2.47,0,0,1,0,0
5308940,2006,0,1,0,0,0,0,2.36,0,0,1,0,0
5308940,2007,0,1,0,0,0,0,2.64,0,0,1,0,0
5308940,2008,0,1,0,0,0,0,2.4,0,0,1,0,0
5308940,2009,0,0,1,0,0,0,2.38,0,0,1,0,0
5308940,2010,0,0,1,0,0,0,2.71,0,0,1,0,0
5308940,2011,0,0,1,0,0,0,2.6,0,0,1,0,0
5308940,2012,0,0,1,0,0,0,2.4,0,0,1,0,0
5308940,2013,0,0,1,0,0,0,2.61,0,0,1,0,0
5308940,2014,0,0,1,0,0,0,2.2,0,0,1,0,0
5308940,2015,0,0,0,1,0,0,2.16,0,0,1,0,0
5308970,2002,0,1,0,0,0,0,1.39,0,0,0,1,0
5308970,2003,0,1,0,0,0,0,1.61,0,0,0,1,0
5308970,2004,0,1,0,0,0,0,1.96,0,0,0,1,0
5308970,2005,0,1,0,0,0,0,1.68,0,0,0,1,0
5308970,2006,0,1,0,0,0,0,1.61,0,0,0,1,0
5308970,2007,50,1,0,0,50,0,2.02,1,1,0,0,0
5308970,2008,0,1,0,0,0,0,1.82,1,0,0,0,1
5308970,2009,0,0,1,0,0,0,1.82,1,0,0,0,1
5308970,2010,25,0,1,0,25,0,1.67,1,1,0,0,0
5308970,2011,29,0,1,0,29,0,2.01,1,1,0,0,0
5308970,2012,0,0,1,0,0,0,2.15,1,0,0,0,1
5308970,2013,0,0,1,0,0,0,2.33,1,0,0,0,1
5308970,2014,0,0,1,0,0,0,0,1,0,0,0,1
5308970,2015,0,0,0,1,0,0,1.51,1,0,0,0,1
5309000,2002,0,1,0,0,0,0,1.5,0,0,1,0,0
5309000,2003,0,1,0,0,0,0,1.78,0,0,1,0,0
5309000,2004,0,1,0,0,0,0,1.8,0,0,1,0,0
5309000,2005,0,1,0,0,0,0,1.83,0,0,1,0,0
5309000,2006,0,1,0,0,0,0,1.93,0,0,1,0,0
5309000,2007,0,1,0,0,0,0,2.59,0,0,1,0,0
5309000,2008,0,1,0,0,0,0,1.89,0,0,1,0,0
5309000,2009,0,0,1,0,0,0,1.64,0,0,1,0,0
5309000,2010,0,0,1,0,0,0,2.26,0,0,1,0,0
5309000,2011,0,0,1,0,0,0,2.27,0,0,1,0,0
5309000,2012,0,0,1,0,0,0,2.3,0,0,1,0,0
5309000,2013,0,0,1,0,0,0,2.37,0,0,1,0,0
5309000,2014,0,0,1,0,0,0,0,0,0,1,0,0
5309000,2015,0,0,0,1,0,0,2.92,0,0,1,0,0
5309030,2002,0,1,0,0,0,0,1.52,0,0,1,0,0
5309030,2003,0,1,0,0,0,0,1.93,0,0,1,0,0
5309030,2004,0,1,0,0,0,0,1.89,0,0,1,0,0
5309030,2005,0,1,0,0,0,0,2.21,0,0,1,0,0
5309030,2006,0,1,0,0,0,0,2.1,0,0,1,0,0
5309030,2007,0,1,0,0,0,0,2.18,0,0,1,0,0
5309030,2008,0,1,0,0,0,0,2.24,0,0,1,0,0
5309030,2009,0,0,1,0,0,0,2.12,0,0,1,0,0
5309030,2010,0,0,1,0,0,0,2.14,0,0,1,0,0
5309030,2011,0,0,1,0,0,0,2.51,0,0,1,0,0
5309030,2012,0,0,1,0,0,0,2.29,0,0,1,0,0
5309030,2013,0,0,1,0,0,0,2.63,0,0,1,0,0
5309030,2014,0,0,1,0,0,0,2.65,0,0,1,0,0
5309030,2015,0,0,0,1,0,0,2.18,0,0,1,0,0
5309060,2002,0,1,0,0,0,0,1.56,0,0,1,0,0
5309060,2003,0,1,0,0,0,0,0,0,0,1,0,0
5309060,2004,0,1,0,0,0,0,2.58,0,0,1,0,0
5309060,2005,0,1,0,0,0,0,1.99,0,0,1,0,0
5309060,2006,0,1,0,0,0,0,2.36,0,0,1,0,0
5309060,2007,0,1,0,0,0,0,2.83,0,0,1,0,0
5309060,2008,0,1,0,0,0,0,2.53,0,0,1,0,0
5309060,2009,0,0,1,0,0,0,2.49,0,0,1,0,0
5309060,2010,0,0,1,0,0,0,2,0,0,1,0,0
5309060,2011,0,0,1,0,0,0,2.45,0,0,1,0,0
5309060,2012,0,0,1,0,0,0,2.53,0,0,1,0,0
5309060,2013,0,0,1,0,0,0,1.92,0,0,1,0,0
5309060,2014,0,0,1,0,0,0,3,0,0,1,0,0
5309060,2015,0,0,0,1,0,0,0.99,0,0,1,0,0
5309100,2002,0,1,0,0,0,0,2.18,0,0,1,0,0
5309100,2003,0,1,0,0,0,0,2.26,0,0,1,0,0
5309100,2004,0,1,0,0,0,0,2.6,0,0,1,0,0
5309100,2005,0,1,0,0,0,0,2.61,0,0,1,0,0
5309100,2006,0,1,0,0,0,0,2.55,0,0,1,0,0
5309100,2007,0,1,0,0,0,0,2.67,0,0,1,0,0
5309100,2008,0,1,0,0,0,0,2.62,0,0,1,0,0
5309100,2009,0,0,1,0,0,0,2.66,0,0,1,0,0
5309100,2010,0,0,1,0,0,0,2.59,0,0,1,0,0
5309100,2011,0,0,1,0,0,0,2.61,0,0,1,0,0
5309100,2012,0,0,1,0,0,0,2.73,0,0,1,0,0
5309100,2013,0,0,1,0,0,0,2.95,0,0,1,0,0
5309100,2014,0,0,1,0,0,0,2.88,0,0,1,0,0
5309100,2015,0,0,0,1,0,0,2.53,0,0,1,0,0
5309150,2002,0,1,0,0,0,0,1.37,0,0,1,0,0
5309150,2003,0,1,0,0,0,0,1.28,0,0,1,0,0
5309150,2004,0,1,0,0,0,0,1.99,0,0,1,0,0
5309150,2005,0,1,0,0,0,0,2.12,0,0,1,0,0
5309150,2006,0,1,0,0,0,0,2.18,0,0,1,0,0
5309150,2007,0,1,0,0,0,0,2.18,0,0,1,0,0
5309150,2008,0,1,0,0,0,0,1.75,0,0,1,0,0
5309150,2009,0,0,1,0,0,0,1.81,0,0,1,0,0
5309150,2010,0,0,1,0,0,0,1.62,0,0,1,0,0
5309150,2011,0,0,1,0,0,0,2.2,0,0,1,0,0
5309150,2012,0,0,1,0,0,0,2.75,0,0,1,0,0
5309150,2013,0,0,1,0,0,0,2.65,0,0,1,0,0
5309150,2014,0,0,1,0,0,0,2.46,0,0,1,0,0
5309150,2015,0,0,0,1,0,0,2.56,0,0,1,0,0
5309180,2002,0,1,0,0,0,0,2.03,0,0,1,0,0
5309180,2003,0,1,0,0,0,0,2.26,0,0,1,0,0
5309180,2004,0,1,0,0,0,0,2.6,0,0,1,0,0
5309180,2005,0,1,0,0,0,0,2.79,0,0,1,0,0
5309180,2006,0,1,0,0,0,0,2.79,0,0,1,0,0
5309180,2007,0,1,0,0,0,0,2.76,0,0,1,0,0
5309180,2008,0,1,0,0,0,0,2.91,0,0,1,0,0
5309180,2009,0,0,1,0,0,0,2.82,0,0,1,0,0
5309180,2010,0,0,1,0,0,0,2.94,0,0,1,0,0
5309180,2011,0,0,1,0,0,0,3.13,0,0,1,0,0
5309180,2012,0,0,1,0,0,0,3.04,0,0,1,0,0
5309180,2013,0,0,1,0,0,0,3.14,0,0,1,0,0
5309180,2014,0,0,1,0,0,0,2.93,0,0,1,0,0
5309180,2015,0,0,0,1,0,0,3.08,0,0,1,0,0
5309240,2002,0,1,0,0,0,0,1.38,0,0,1,0,0
5309240,2003,0,1,0,0,0,0,1.75,0,0,1,0,0
5309240,2004,0,1,0,0,0,0,1.52,0,0,1,0,0
5309240,2005,0,1,0,0,0,0,0.91,0,0,1,0,0
5309240,2006,0,1,0,0,0,0,1.99,0,0,1,0,0
5309240,2007,0,1,0,0,0,0,1.92,0,0,1,0,0
5309240,2008,0,1,0,0,0,0,2.42,0,0,1,0,0
5309240,2009,0,0,1,0,0,0,2.09,0,0,1,0,0
5309240,2010,0,0,1,0,0,0,1.84,0,0,1,0,0
5309240,2011,0,0,1,0,0,0,2.25,0,0,1,0,0
5309240,2012,0,0,1,0,0,0,2.03,0,0,1,0,0
5309240,2013,0,0,1,0,0,0,2.35,0,0,1,0,0
5309240,2014,0,0,1,0,0,0,2.09,0,0,1,0,0
5309240,2015,0,0,0,1,0,0,1.91,0,0,1,0,0
5309300,2002,0,1,0,0,0,0,2.32,0,0,0,1,0
5309300,2003,0,1,0,0,0,0,2.45,0,0,0,1,0
5309300,2004,0,1,0,0,0,0,2.82,0,0,0,1,0
5309300,2005,0,1,0,0,0,0,3.16,0,0,0,1,0
5309300,2006,0,1,0,0,0,0,2.56,0,0,0,1,0
5309300,2007,25,1,0,0,25,0,2.89,1,1,0,0,0
5309300,2008,0,1,0,0,0,0,2.76,1,0,0,0,1
5309300,2009,0,0,1,0,0,0,3.13,1,0,0,0,1
5309300,2010,0,0,1,0,0,0,3.04,1,0,0,0,1
5309300,2011,0,0,1,0,0,0,3.19,1,0,0,0,1
5309300,2012,0,0,1,0,0,0,3.26,1,0,0,0,1
5309300,2013,0,0,1,0,0,0,3.14,1,0,0,0,1
5309300,2014,0,0,1,0,0,0,3.1,1,0,0,0,1
5309300,2015,0,0,0,1,0,0,2.76,1,0,0,0,1
5309330,2002,0,1,0,0,0,0,1.81,0,0,1,0,0
5309330,2003,0,1,0,0,0,0,1.99,0,0,1,0,0
5309330,2004,0,1,0,0,0,0,2.12,0,0,1,0,0
5309330,2005,0,1,0,0,0,0,2.33,0,0,1,0,0
5309330,2006,0,1,0,0,0,0,2.28,0,0,1,0,0
5309330,2007,0,1,0,0,0,0,2.34,0,0,1,0,0
5309330,2008,0,1,0,0,0,0,2.51,0,0,1,0,0
5309330,2009,0,0,1,0,0,0,2.34,0,0,1,0,0
5309330,2010,0,0,1,0,0,0,2.66,0,0,1,0,0
5309330,2011,0,0,1,0,0,0,2.59,0,0,1,0,0
5309330,2012,0,0,1,0,0,0,2.88,0,0,1,0,0
5309330,2013,0,0,1,0,0,0,3.08,0,0,1,0,0
5309330,2014,0,0,1,0,0,0,2.63,0,0,1,0,0
5309330,2015,0,0,0,1,0,0,2.17,0,0,1,0,0
5309540,2002,0,1,0,0,0,0,1.675,0,0,0,1,0
5309540,2003,0,1,0,0,0,0,2.11,0,0,0,1,0
5309540,2004,0,1,0,0,0,0,2.37,0,0,0,1,0
5309540,2005,0,1,0,0,0,0,2.67,0,0,0,1,0
5309540,2006,0,1,0,0,0,0,2.31,0,0,0,1,0
5309540,2007,0,1,0,0,0,0,2.68,0,0,0,1,0
5309540,2008,28,1,0,0,28,0,2.42,1,1,0,0,0
5309540,2009,0,0,1,0,0,0,2.55,1,0,0,0,1
5309540,2010,0,0,1,0,0,0,2.55,1,0,0,0,1
5309540,2011,0,0,1,0,0,0,2.39,1,0,0,0,1
5309540,2012,0,0,1,0,0,0,2.61,1,0,0,0,1
5309540,2013,0,0,1,0,0,0,2.7,1,0,0,0,1
5309540,2014,0,0,1,0,0,0,2.53,1,0,0,0,1
5309540,2015,0,0,0,1,0,0,2.33,1,0,0,0,1
5309690,2002,0,1,0,0,0,0,2.17,0,0,1,0,0
5309690,2003,0,1,0,0,0,0,2.45,0,0,1,0,0
5309690,2004,0,1,0,0,0,0,2.29,0,0,1,0,0
5309690,2005,0,1,0,0,0,0,2.55,0,0,1,0,0
5309690,2006,0,1,0,0,0,0,2.29,0,0,1,0,0
5309690,2007,0,1,0,0,0,0,2.63,0,0,1,0,0
5309690,2008,0,1,0,0,0,0,2.35,0,0,1,0,0
5309690,2009,0,0,1,0,0,0,2.22,0,0,1,0,0
5309690,2010,0,0,1,0,0,0,2.36,0,0,1,0,0
5309690,2011,0,0,1,0,0,0,2.5,0,0,1,0,0
5309690,2012,0,0,1,0,0,0,2.37,0,0,1,0,0
5309690,2013,0,0,1,0,0,0,2.7,0,0,1,0,0
5309690,2014,0,0,1,0,0,0,2.55,0,0,1,0,0
5309690,2015,0,0,0,1,0,0,2.29,0,0,1,0,0
5309720,2002,0,1,0,0,0,0,2.06,0,0,1,0,0
5309720,2003,0,1,0,0,0,0,2.37,0,0,1,0,0
5309720,2004,0,1,0,0,0,0,2.56,0,0,1,0,0
5309720,2005,0,1,0,0,0,0,2.62,0,0,1,0,0
5309720,2006,0,1,0,0,0,0,2.51,0,0,1,0,0
5309720,2007,0,1,0,0,0,0,2.74,0,0,1,0,0
5309720,2008,0,1,0,0,0,0,2.5,0,0,1,0,0
5309720,2009,0,0,1,0,0,0,2.52,0,0,1,0,0
5309720,2010,0,0,1,0,0,0,2.56,0,0,1,0,0
5309720,2011,0,0,1,0,0,0,2.7,0,0,1,0,0
5309720,2012,0,0,1,0,0,0,2.67,0,0,1,0,0
5309720,2013,0,0,1,0,0,0,2.76,0,0,1,0,0
5309720,2014,0,0,1,0,0,0,0,0,0,1,0,0
5309720,2015,0,0,0,1,0,0,2.41,0,0,1,0,0
5309750,2002,0,1,0,0,0,0,1.4,0,0,1,0,0
5309750,2003,0,1,0,0,0,0,1.72,0,0,1,0,0
5309750,2004,0,1,0,0,0,0,1.9,0,0,1,0,0
5309750,2005,0,1,0,0,0,0,1.81,0,0,1,0,0
5309750,2006,0,1,0,0,0,0,1.98,0,0,1,0,0
5309750,2007,0,1,0,0,0,0,2.21,0,0,1,0,0
5309750,2008,0,1,0,0,0,0,2.25,0,0,1,0,0
5309750,2009,0,0,1,0,0,0,1.87,0,0,1,0,0
5309750,2010,0,0,1,0,0,0,2.04,0,0,1,0,0
5309750,2011,0,0,1,0,0,0,2.4,0,0,1,0,0
5309750,2012,0,0,1,0,0,0,2.55,0,0,1,0,0
5309750,2013,0,0,1,0,0,0,2.43,0,0,1,0,0
5309750,2014,0,0,1,0,0,0,2.52,0,0,1,0,0
5309750,2015,0,0,0,1,0,0,1.97,0,0,1,0,0
5309810,2002,0,1,0,0,0,0,2.12,0,0,1,0,0
5309810,2003,0,1,0,0,0,0,2.46,0,0,1,0,0
5309810,2004,0,1,0,0,0,0,2.19,0,0,1,0,0
5309810,2005,0,1,0,0,0,0,2.49,0,0,1,0,0
5309810,2006,0,1,0,0,0,0,2.45,0,0,1,0,0
5309810,2007,0,1,0,0,0,0,2.51,0,0,1,0,0
5309810,2008,0,1,0,0,0,0,2.38,0,0,1,0,0
5309810,2009,0,0,1,0,0,0,2.18,0,0,1,0,0
5309810,2010,0,0,1,0,0,0,2.36,0,0,1,0,0
5309810,2011,0,0,1,0,0,0,2.4,0,0,1,0,0
5309810,2012,0,0,1,0,0,0,2.41,0,0,1,0,0
5309810,2013,0,0,1,0,0,0,2.75,0,0,1,0,0
5309810,2014,0,0,1,0,0,0,2.39,0,0,1,0,0
5309810,2015,0,0,0,1,0,0,2.43,0,0,1,0,0
5309840,2002,0,1,0,0,0,0,0,0,0,1,0,0
5309840,2003,0,1,0,0,0,0,2.11,0,0,1,0,0
5309840,2004,0,1,0,0,0,0,1.84,0,0,1,0,0
5309840,2005,0,1,0,0,0,0,1.75,0,0,1,0,0
5309840,2006,0,1,0,0,0,0,2.12,0,0,1,0,0
5309840,2007,0,1,0,0,0,0,1.99,0,0,1,0,0
5309840,2008,0,1,0,0,0,0,2.15,0,0,1,0,0
5309840,2009,0,0,1,0,0,0,2.63,0,0,1,0,0
5309840,2010,0,0,1,0,0,0,2.57,0,0,1,0,0
5309840,2011,0,0,1,0,0,0,2.58,0,0,1,0,0
5309840,2012,0,0,1,0,0,0,2.34,0,0,1,0,0
5309840,2013,0,0,1,0,0,0,3.24,0,0,1,0,0
5309840,2014,0,0,1,0,0,0,2.5,0,0,1,0,0
5309840,2015,0,0,0,1,0,0,2.24,0,0,1,0,0
5309870,2002,0,1,0,0,0,0,1.53,0,0,1,0,0
5309870,2003,0,1,0,0,0,0,2.04,0,0,1,0,0
5309870,2004,0,1,0,0,0,0,2.03,0,0,1,0,0
5309870,2005,0,1,0,0,0,0,2.53,0,0,1,0,0
5309870,2006,0,1,0,0,0,0,2.3,0,0,1,0,0
5309870,2007,0,1,0,0,0,0,2.1,0,0,1,0,0
5309870,2008,0,1,0,0,0,0,2.24,0,0,1,0,0
5309870,2009,0,0,1,0,0,0,2.34,0,0,1,0,0
5309870,2010,0,0,1,0,0,0,2.29,0,0,1,0,0
5309870,2011,0,0,1,0,0,0,2.37,0,0,1,0,0
5309870,2012,0,0,1,0,0,0,2.61,0,0,1,0,0
5309870,2013,0,0,1,0,0,0,2.52,0,0,1,0,0
5309870,2014,0,0,1,0,0,0,3.04,0,0,1,0,0
5309870,2015,0,0,0,1,0,0,2.5,0,0,1,0,0
5309930,2002,0,1,0,0,0,0,1.6,0,0,0,1,0
5309930,2003,0,1,0,0,0,0,1.54,0,0,0,1,0
5309930,2004,0,1,0,0,0,0,1.95,0,0,0,1,0
5309930,2005,0,1,0,0,0,0,2.03,0,0,0,1,0
5309930,2006,0,1,0,0,0,0,2.13,0,0,0,1,0
5309930,2007,0,1,0,0,0,0,2.13,0,0,0,1,0
5309930,2008,0,1,0,0,0,0,1.93,0,0,0,1,0
5309930,2009,0,0,1,0,0,0,1.82,0,0,0,1,0
5309930,2010,0,0,1,0,0,0,1.82,0,0,0,1,0
5309930,2011,0,0,1,0,0,0,2.06,0,0,0,1,0
5309930,2012,0,0,1,0,0,0,2.04,0,0,0,1,0
5309930,2013,54,0,1,0,54,0,2.42,1,1,0,0,0
5309930,2014,0,0,1,0,0,0,0,1,0,0,0,1
5309930,2015,0,0,0,1,0,0,1.93,1,0,0,0,1
5309990,2002,0,1,0,0,0,0,1.61,0,0,1,0,0
5309990,2003,0,1,0,0,0,0,0,0,0,1,0,0
5309990,2004,0,1,0,0,0,0,2.48,0,0,1,0,0
5309990,2005,0,1,0,0,0,0,2.35,0,0,1,0,0
5309990,2006,0,1,0,0,0,0,2,0,0,1,0,0
5309990,2007,0,1,0,0,0,0,2.26,0,0,1,0,0
5309990,2008,0,1,0,0,0,0,0,0,0,1,0,0
5309990,2009,0,0,1,0,0,0,2.29,0,0,1,0,0
5309990,2010,0,0,1,0,0,0,0,0,0,1,0,0
5309990,2011,0,0,1,0,0,0,0,0,0,1,0,0
5309990,2012,0,0,1,0,0,0,1.78,0,0,1,0,0
5309990,2013,0,0,1,0,0,0,0,0,0,1,0,0
5309990,2014,0,0,1,0,0,0,0,0,0,1,0,0
5309990,2015,0,0,0,1,0,0,2.41,0,0,1,0,0
